detrend,cell,var_kind,var_period_d,var_amp_ppm,n_band,k_band,capture_rate,completeness_all_snr,depth_kept,completeness,lo68,hi68,false_alarm_rate
biweight-0.25,0,none,0.0,0.0,95,61,0.02,0.65,0.5579359259260381,0.6421052631578947,0.5916759993964359,0.6895740006035641,0.05
biweight-0.25,1,pulsation,0.08333333333333333,30.0,101,76,0.03,0.635,0.5705315154372855,0.7524752475247525,0.707196162427082,0.792803837572918,0.0
biweight-0.25,2,pulsation,0.08333333333333333,100.0,99,40,0.475,0.385,0.5455503668003603,0.40404040404040403,0.35592008166430605,0.4540799183356939,0.8
biweight-0.25,3,pulsation,0.08333333333333333,300.0,101,0,0.97,0.0,0.47408843503809467,0.0,0.0,0.00980392156862745,1.0
biweight-0.25,4,pulsation,0.08333333333333333,1000.0,93,0,1.0,0.0,1.1787218441803242,0.0,8.673617379884035e-19,0.010638297872340427,1.0
biweight-0.25,5,pulsation,0.16666666666666666,30.0,104,46,0.555,0.41,0.5650276562087839,0.4423076923076923,0.39438493219270065,0.491329353521585,1.0
biweight-0.25,6,pulsation,0.16666666666666666,100.0,106,0,0.995,0.0,0.5561012002317796,0.0,0.0,0.009345794392523364,1.0
biweight-0.25,7,pulsation,0.16666666666666666,300.0,105,0,0.995,0.0,0.5377105509976058,0.0,0.0,0.009433962264150945,1.0
biweight-0.25,8,pulsation,0.16666666666666666,1000.0,99,0,0.995,0.0,0.4763101268953548,0.0,8.673617379884035e-19,0.009999999999999998,1.0
biweight-0.25,9,pulsation,0.3333333333333333,30.0,114,59,0.42,0.495,0.5529821483566648,0.5175438596491229,0.4707945243324266,0.5639880843632256,1.0
biweight-0.25,10,pulsation,0.3333333333333333,100.0,108,0,1.0,0.0,0.5484407063343968,0.0,0.0,0.009174311926605503,1.0
biweight-0.25,11,pulsation,0.3333333333333333,300.0,107,0,1.0,0.0,0.5163264688614166,0.0,-8.673617379884035e-19,0.009259259259259259,1.0
biweight-0.25,12,pulsation,0.3333333333333333,1000.0,111,0,1.0,0.0,0.42802138175527144,0.0,0.0,0.00892857142857143,1.0
biweight-0.25,13,pulsation,0.6666666666666666,30.0,96,70,0.0,0.705,0.5671185672408317,0.7291666666666666,0.6816213271742106,0.7719869202484697,0.0
biweight-0.25,14,pulsation,0.6666666666666666,100.0,107,3,0.93,0.065,0.5098601671639407,0.028037383177570093,0.015932461110295008,0.04888235370451981,1.0
biweight-0.25,15,pulsation,0.6666666666666666,300.0,96,0,1.0,0.0,0.5091315691283664,0.0,0.0,0.010309278350515462,1.0
biweight-0.25,16,pulsation,0.6666666666666666,1000.0,103,0,1.0,0.0,0.4018884241298556,0.0,0.0,0.009615384615384614,1.0
biweight-0.25,17,pulsation,1.0,30.0,93,61,0.0,0.61,0.5479295664712986,0.6559139784946236,0.605227597996952,0.7032830403009204,0.0
biweight-0.25,18,pulsation,1.0,100.0,105,34,0.66,0.325,0.560755977248261,0.3238095238095238,0.2799920971103848,0.37095129911603025,0.95
biweight-0.25,19,pulsation,1.0,300.0,107,0,0.99,0.005,0.5150031209017514,0.0,-8.673617379884035e-19,0.009259259259259259,1.0
biweight-0.25,20,pulsation,1.0,1000.0,102,0,1.0,0.0,0.39492780704047664,0.0,0.0,0.00970873786407767,1.0
biweight-0.25,21,pulsation,2.0,30.0,103,71,0.0,0.66,0.5618495735703197,0.6893203883495146,0.6420849877429041,0.7329150122570959,0.0
biweight-0.25,22,pulsation,2.0,100.0,93,61,0.005,0.635,0.5557167348972909,0.6559139784946236,0.605227597996952,0.7032830403009204,0.0
biweight-0.25,23,pulsation,2.0,300.0,109,66,0.4,0.54,0.5637795050868963,0.6055045871559633,0.5579358598465918,0.6511550492443174,0.8
biweight-0.25,24,pulsation,2.0,1000.0,115,0,0.99,0.01,0.4655098105220973,0.0,0.0,0.008620689655172414,1.0
biweight-0.25,25,spots,1.0,30.0,109,78,0.015,0.665,0.5650407384107339,0.7155963302752294,0.6705781805911931,0.7566945466815344,0.0
biweight-0.25,26,spots,1.0,100.0,102,42,0.585,0.415,0.5249764462251907,0.4117647058823529,0.3641205214834169,0.461122196963185,0.95
biweight-0.25,27,spots,1.0,300.0,104,0,0.995,0.0,0.4914639724787465,0.0,0.0,0.009523809523809525,1.0
biweight-0.25,28,spots,1.0,1000.0,104,0,0.995,0.0,0.3960179828800567,0.0,0.0,0.009523809523809525,1.0
biweight-0.25,29,spots,3.0,30.0,101,73,0.0,0.7,0.5578124055540246,0.7227722772277227,0.6762124937655014,0.7649639768227339,0.0
biweight-0.25,30,spots,3.0,100.0,123,86,0.0,0.625,0.538212878332492,0.6991869918699187,0.6563647985338759,0.7387964917887049,0.0
biweight-0.25,31,spots,3.0,300.0,99,72,0.0,0.66,0.5342486499692087,0.7272727272727273,0.6804058707492078,0.7695941292507922,0.0
biweight-0.25,32,spots,3.0,1000.0,90,25,0.65,0.33,0.4809468661735631,0.2777777777777778,0.23320330530039035,0.3272362551391701,1.0
biweight-0.25,33,spots,10.0,30.0,104,75,0.0,0.665,0.5570411121241516,0.7211538461538461,0.6752345120114845,0.7628607260837535,0.0
biweight-0.25,34,spots,10.0,100.0,95,70,0.0,0.685,0.5768418047436737,0.7368421052631579,0.6893645693131688,0.7793854306868312,0.0
biweight-0.25,35,spots,10.0,300.0,95,69,0.0,0.695,0.5304376368923065,0.7263157894736842,0.6783930535847436,0.7695236130819232,0.0
biweight-0.25,36,spots,10.0,1000.0,101,73,0.005,0.685,0.5661248129447856,0.7227722772277227,0.6762124937655014,0.7649639768227339,0.0
biweight-0.25,37,spots,30.0,30.0,108,82,0.0,0.68,0.5608433309737102,0.7592592592592593,0.715861462215607,0.7979000056743013,0.0
biweight-0.25,38,spots,30.0,100.0,91,63,0.0,0.66,0.5573831800712106,0.6923076923076923,0.6420532999036914,0.7383814827050041,0.05
biweight-0.25,39,spots,30.0,300.0,84,56,0.0,0.65,0.552000706566045,0.6666666666666666,0.6135373005854906,0.7158744641203917,0.0
biweight-0.25,40,spots,30.0,1000.0,94,68,0.0,0.69,0.575282644995151,0.723404255319149,0.675098890369843,0.7670063727880517,0.0
biweight-0.5,0,none,0.0,0.0,95,93,0.0,0.935,0.7678770757772784,0.9789473684210527,0.9584802226104542,0.9894364440562126,0.05
biweight-0.5,1,pulsation,0.08333333333333333,30.0,101,101,0.01,0.915,0.7808443947335086,1.0,0.9901960784313726,1.0,0.05
biweight-0.5,2,pulsation,0.08333333333333333,100.0,99,68,0.31,0.65,0.7708980437088828,0.6868686868686869,0.6385856387602615,0.7314143612397384,0.65
biweight-0.5,3,pulsation,0.08333333333333333,300.0,101,11,0.865,0.105,0.6925174207530258,0.10891089108910891,0.08166190393700178,0.1438282921414296,1.0
biweight-0.5,4,pulsation,0.08333333333333333,1000.0,93,0,1.0,0.0,1.2516819230259753,0.0,8.673617379884035e-19,0.010638297872340427,1.0
biweight-0.5,5,pulsation,0.16666666666666666,30.0,104,101,0.15,0.85,0.7643985260811224,0.9711538461538461,0.9497275023739606,0.9836058309593727,1.0
biweight-0.5,6,pulsation,0.16666666666666666,100.0,106,0,0.995,0.005,0.7729521735016989,0.0,0.0,0.009345794392523364,1.0
biweight-0.5,7,pulsation,0.16666666666666666,300.0,105,0,1.0,0.0,0.7440471134828974,0.0,0.0,0.009433962264150945,1.0
biweight-0.5,8,pulsation,0.16666666666666666,1000.0,99,0,1.0,0.0,0.6859990295901564,0.0,8.673617379884035e-19,0.009999999999999998,1.0
biweight-0.5,9,pulsation,0.3333333333333333,30.0,114,32,0.605,0.39,0.7816683552650957,0.2807017543859649,0.24066396303528395,0.32455342826906386,1.0
biweight-0.5,10,pulsation,0.3333333333333333,100.0,108,1,0.995,0.005,0.7802566508765247,0.009259259259259259,0.003542335547521192,0.02398060023229532,1.0
biweight-0.5,11,pulsation,0.3333333333333333,300.0,107,0,1.0,0.0,0.8228956004872436,0.0,-8.673617379884035e-19,0.009259259259259259,1.0
biweight-0.5,12,pulsation,0.3333333333333333,1000.0,111,0,1.0,0.0,0.7098160010511471,0.0,0.0,0.00892857142857143,1.0
biweight-0.5,13,pulsation,0.6666666666666666,30.0,96,51,0.43,0.57,0.7852617212049906,0.53125,0.4802587545068621,0.5815969155962306,1.0
biweight-0.5,14,pulsation,0.6666666666666666,100.0,107,1,0.995,0.005,0.7444024906508513,0.009345794392523364,0.0035754946220242674,0.02420228315575351,1.0
biweight-0.5,15,pulsation,0.6666666666666666,300.0,96,0,0.99,0.005,0.7445830993366473,0.0,0.0,0.010309278350515462,1.0
biweight-0.5,16,pulsation,0.6666666666666666,1000.0,103,0,0.995,0.005,0.8796923134644099,0.0,0.0,0.009615384615384614,1.0
biweight-0.5,17,pulsation,1.0,30.0,93,76,0.22,0.75,0.7812381327301388,0.8172043010752689,0.7738228939870692,0.8538366804810161,0.75
biweight-0.5,18,pulsation,1.0,100.0,105,0,0.995,0.0,0.7732405994712134,0.0,0.0,0.009433962264150945,1.0
biweight-0.5,19,pulsation,1.0,300.0,107,0,1.0,0.0,0.7104462138635614,0.0,-8.673617379884035e-19,0.009259259259259259,1.0
biweight-0.5,20,pulsation,1.0,1000.0,102,0,1.0,0.0,0.5044172857041069,0.0,0.0,0.00970873786407767,1.0
biweight-0.5,21,pulsation,2.0,30.0,103,102,0.0,0.93,0.7683411885911644,0.9902912621359223,0.9748684264860874,0.9962854196677589,0.0
biweight-0.5,22,pulsation,2.0,100.0,93,78,0.23,0.75,0.7741989899634998,0.8387096774193549,0.7970001170729991,0.8732126488844477,0.95
biweight-0.5,23,pulsation,2.0,300.0,109,0,0.985,0.015,0.7552862964415066,0.0,0.0,0.009090909090909092,1.0
biweight-0.5,24,pulsation,2.0,1000.0,115,0,1.0,0.0,0.6738447822883438,0.0,0.0,0.008620689655172414,1.0
biweight-0.5,25,spots,1.0,30.0,109,102,0.105,0.88,0.773355323628152,0.9357798165137615,0.908111191679106,0.9555251719572577,0.45
biweight-0.5,26,spots,1.0,100.0,102,0,1.0,0.0,0.7585964170206181,0.0,0.0,0.00970873786407767,1.0
biweight-0.5,27,spots,1.0,300.0,104,0,0.995,0.0,0.7374761544628055,0.0,0.0,0.009523809523809525,1.0
biweight-0.5,28,spots,1.0,1000.0,104,0,0.995,0.0,0.6857456864844184,0.0,0.0,0.009523809523809525,1.0
biweight-0.5,29,spots,3.0,30.0,101,100,0.0,0.96,0.7701138360369426,0.9900990099009901,0.9743764967800339,0.9962117385140836,0.0
biweight-0.5,30,spots,3.0,100.0,123,121,0.0,0.92,0.7595533914327508,0.983739837398374,0.9678296738981246,0.9918477454567142,0.0
biweight-0.5,31,spots,3.0,300.0,99,71,0.37,0.63,0.7445348846970512,0.7171717171717171,0.6699103026392856,0.7600896973607143,0.95
biweight-0.5,32,spots,3.0,1000.0,90,0,1.0,0.0,0.6940398320253331,0.0,0.0,0.01098901098901099,1.0
biweight-0.5,33,spots,10.0,30.0,104,100,0.0,0.925,0.7730347898867638,0.9615384615384616,0.9378676599019445,0.9764180543837698,0.0
biweight-0.5,34,spots,10.0,100.0,95,94,0.0,0.93,0.7808119343591928,0.9894736842105263,0.9727779528675191,0.9959720471324809,0.0
biweight-0.5,35,spots,10.0,300.0,95,95,0.0,0.95,0.7615787790661455,1.0,0.9895833333333333,1.0,0.0
biweight-0.5,36,spots,10.0,1000.0,101,99,0.0,0.915,0.748069759933985,0.9801980198019802,0.9609143130264876,0.9900660791303751,0.0
biweight-0.5,37,spots,30.0,30.0,108,108,0.0,0.95,0.779069766619204,1.0,0.9908256880733944,0.9999999999999999,0.05
biweight-0.5,38,spots,30.0,100.0,91,90,0.0,0.905,0.7805467966086991,0.989010989010989,0.9715966445115326,0.9957946598362936,0.0
biweight-0.5,39,spots,30.0,300.0,84,83,0.0,0.92,0.7807277416122519,0.9880952380952381,0.9692623849349604,0.9954434974179809,0.0
biweight-0.5,40,spots,30.0,1000.0,94,93,0.0,0.955,0.7819394232781174,0.9893617021276596,0.9724919344055967,0.9959291182259822,0.0
biweight-1.0,0,none,0.0,0.0,95,95,0.0,0.98,0.8817444022595238,1.0,0.9895833333333333,1.0,0.05
biweight-1.0,1,pulsation,0.08333333333333333,30.0,101,101,0.005,0.975,0.8890021789874001,1.0,0.9901960784313726,1.0,0.0
biweight-1.0,2,pulsation,0.08333333333333333,100.0,99,76,0.26,0.715,0.885009644587667,0.7676767676767676,0.7226838498247232,0.8073161501752766,0.65
biweight-1.0,3,pulsation,0.08333333333333333,300.0,101,16,0.83,0.145,0.854247197978673,0.15841584158415842,0.12545663114274508,0.19807278062196082,1.0
biweight-1.0,4,pulsation,0.08333333333333333,1000.0,93,0,0.995,0.0,1.175062826058169,0.0,8.673617379884035e-19,0.010638297872340427,1.0
biweight-1.0,5,pulsation,0.16666666666666666,30.0,104,104,0.07,0.93,0.8885187388281773,1.0,0.9904761904761905,1.0,0.9
biweight-1.0,6,pulsation,0.16666666666666666,100.0,106,0,0.96,0.03,0.8775806086562741,0.0,0.0,0.009345794392523364,1.0
biweight-1.0,7,pulsation,0.16666666666666666,300.0,105,0,1.0,0.0,0.8865790610139367,0.0,0.0,0.009433962264150945,1.0
biweight-1.0,8,pulsation,0.16666666666666666,1000.0,99,0,0.995,0.0,0.825579987211912,0.0,8.673617379884035e-19,0.009999999999999998,1.0
biweight-1.0,9,pulsation,0.3333333333333333,30.0,114,100,0.205,0.785,0.8784915977807549,0.8771929824561403,0.8431315380271565,0.9046945489293652,1.0
biweight-1.0,10,pulsation,0.3333333333333333,100.0,108,1,0.995,0.005,0.8835801218044173,0.009259259259259259,0.003542335547521192,0.02398060023229532,1.0
biweight-1.0,11,pulsation,0.3333333333333333,300.0,107,0,1.0,0.0,0.9120884390342908,0.0,-8.673617379884035e-19,0.009259259259259259,1.0
biweight-1.0,12,pulsation,0.3333333333333333,1000.0,111,0,1.0,0.0,0.8120479750156526,0.0,0.0,0.00892857142857143,1.0
biweight-1.0,13,pulsation,0.6666666666666666,30.0,96,10,0.73,0.27,0.881434049739072,0.10416666666666667,0.07696367447416988,0.13953117088665484,1.0
biweight-1.0,14,pulsation,0.6666666666666666,100.0,107,0,1.0,0.0,0.877934550338509,0.0,-8.673617379884035e-19,0.009259259259259259,1.0
biweight-1.0,15,pulsation,0.6666666666666666,300.0,96,0,0.995,0.0,0.9240216229631543,0.0,0.0,0.010309278350515462,1.0
biweight-1.0,16,pulsation,0.6666666666666666,1000.0,103,0,0.995,0.005,1.049027956572668,0.0,0.0,0.009615384615384614,1.0
biweight-1.0,17,pulsation,1.0,30.0,93,1,0.865,0.135,0.8778406431489694,0.010752688172043012,0.004114735592582878,0.027800158024438394,1.0
biweight-1.0,18,pulsation,1.0,100.0,105,0,0.995,0.0,0.8880766715634574,0.0,0.0,0.009433962264150945,1.0
biweight-1.0,19,pulsation,1.0,300.0,107,0,1.0,0.0,0.808374091260748,0.0,-8.673617379884035e-19,0.009259259259259259,1.0
biweight-1.0,20,pulsation,1.0,1000.0,102,0,1.0,0.0,0.706165672518311,0.0,0.0,0.00970873786407767,1.0
biweight-1.0,21,pulsation,2.0,30.0,103,100,0.1,0.875,0.8734292207760473,0.970873786407767,0.9492463841778439,0.9834459235144638,0.75
biweight-1.0,22,pulsation,2.0,100.0,93,0,0.965,0.035,0.8841202530033314,0.0,8.673617379884035e-19,0.010638297872340427,1.0
biweight-1.0,23,pulsation,2.0,300.0,109,0,1.0,0.0,0.8584176602289748,0.0,0.0,0.009090909090909092,1.0
biweight-1.0,24,pulsation,2.0,1000.0,115,0,1.0,0.0,0.8702028696366162,0.0,0.0,0.008620689655172414,1.0
biweight-1.0,25,spots,1.0,30.0,109,39,0.56,0.44,0.894596298250806,0.3577981651376147,0.31336818063458965,0.4048136375472287,1.0
biweight-1.0,26,spots,1.0,100.0,102,0,1.0,0.0,0.8788110089393384,0.0,0.0,0.00970873786407767,1.0
biweight-1.0,27,spots,1.0,300.0,104,0,1.0,0.0,0.8683074603779253,0.0,0.0,0.009523809523809525,1.0
biweight-1.0,28,spots,1.0,1000.0,104,0,0.995,0.0,0.9011854935348362,0.0,0.0,0.009523809523809525,1.0
biweight-1.0,29,spots,3.0,30.0,101,101,0.0,0.99,0.8857272891817279,1.0,0.9901960784313726,1.0,0.0
biweight-1.0,30,spots,3.0,100.0,123,77,0.425,0.575,0.8779031955943878,0.6260162601626016,0.581536262103532,0.668463737896468,1.0
biweight-1.0,31,spots,3.0,300.0,99,0,1.0,0.0,0.8604602523522564,0.0,8.673617379884035e-19,0.009999999999999998,1.0
biweight-1.0,32,spots,3.0,1000.0,90,0,1.0,0.0,0.8229517579381407,0.0,0.0,0.01098901098901099,1.0
biweight-1.0,33,spots,10.0,30.0,104,104,0.0,0.975,0.8844102999152907,1.0,0.9904761904761905,1.0,0.0
biweight-1.0,34,spots,10.0,100.0,95,95,0.0,0.975,0.8953526878407396,1.0,0.9895833333333333,1.0,0.0
biweight-1.0,35,spots,10.0,300.0,95,95,0.0,0.985,0.8687533174628483,1.0,0.9895833333333333,1.0,0.0
biweight-1.0,36,spots,10.0,1000.0,101,100,0.015,0.915,0.8638020610248132,0.9900990099009901,0.9743764967800339,0.9962117385140836,0.2
biweight-1.0,37,spots,30.0,30.0,108,108,0.0,0.98,0.8890160112445211,1.0,0.9908256880733944,0.9999999999999999,0.0
biweight-1.0,38,spots,30.0,100.0,91,91,0.0,0.955,0.8937062607670245,1.0,0.9891304347826086,1.0,0.0
biweight-1.0,39,spots,30.0,300.0,84,84,0.005,0.98,0.8957968637949273,1.0,0.9882352941176471,1.0,0.0
biweight-1.0,40,spots,30.0,1000.0,94,94,0.0,0.995,0.8727280258272501,1.0,0.9894736842105262,0.9999999999999999,0.0
biweight-2.0,0,none,0.0,0.0,95,95,0.0,0.985,0.9353056670930405,1.0,0.9895833333333333,1.0,0.05
biweight-2.0,1,pulsation,0.08333333333333333,30.0,101,101,0.005,0.98,0.940323050472926,1.0,0.9901960784313726,1.0,0.0
biweight-2.0,2,pulsation,0.08333333333333333,100.0,99,80,0.2,0.775,0.9371001440310209,0.8080808080808081,0.7654986894476457,0.8445013105523542,0.6
biweight-2.0,3,pulsation,0.08333333333333333,300.0,101,19,0.825,0.16,0.9161313966541083,0.18811881188118812,0.15236019257874628,0.22999274859772434,1.0
biweight-2.0,4,pulsation,0.08333333333333333,1000.0,93,0,0.995,0.0,1.2159085455022094,0.0,8.673617379884035e-19,0.010638297872340427,1.0
biweight-2.0,5,pulsation,0.16666666666666666,30.0,104,104,0.045,0.955,0.9491808522666028,1.0,0.9904761904761905,1.0,0.85
biweight-2.0,6,pulsation,0.16666666666666666,100.0,106,0,0.91,0.06,0.9368689048173924,0.0,0.0,0.009345794392523364,1.0
biweight-2.0,7,pulsation,0.16666666666666666,300.0,105,0,1.0,0.0,0.9361361534926114,0.0,0.0,0.009433962264150945,1.0
biweight-2.0,8,pulsation,0.16666666666666666,1000.0,99,0,0.995,0.0,0.9081063586270479,0.0,8.673617379884035e-19,0.009999999999999998,1.0
biweight-2.0,9,pulsation,0.3333333333333333,30.0,114,104,0.18,0.82,0.935794149239686,0.9122807017543859,0.8820738778695758,0.9353174264782502,1.0
biweight-2.0,10,pulsation,0.3333333333333333,100.0,108,1,0.995,0.005,0.939915500851199,0.009259259259259259,0.003542335547521192,0.02398060023229532,1.0
biweight-2.0,11,pulsation,0.3333333333333333,300.0,107,0,1.0,0.0,0.9749884529803022,0.0,-8.673617379884035e-19,0.009259259259259259,1.0
biweight-2.0,12,pulsation,0.3333333333333333,1000.0,111,0,1.0,0.0,0.8784753511034289,0.0,0.0,0.00892857142857143,1.0
biweight-2.0,13,pulsation,0.6666666666666666,30.0,96,38,0.51,0.49,0.9495898250007463,0.3958333333333333,0.34724223906256135,0.4465721939271292,1.0
biweight-2.0,14,pulsation,0.6666666666666666,100.0,107,0,1.0,0.0,0.9369080824955492,0.0,-8.673617379884035e-19,0.009259259259259259,1.0
biweight-2.0,15,pulsation,0.6666666666666666,300.0,96,0,0.99,0.005,0.9561352763432178,0.0,0.0,0.010309278350515462,1.0
biweight-2.0,16,pulsation,0.6666666666666666,1000.0,103,0,0.995,0.005,1.0673631039074016,0.0,0.0,0.009615384615384614,1.0
biweight-2.0,17,pulsation,1.0,30.0,93,2,0.82,0.18,0.9435307639156089,0.021505376344086023,0.010791554213804781,0.042399935147897354,1.0
biweight-2.0,18,pulsation,1.0,100.0,105,0,0.995,0.0,0.9457879753882297,0.0,0.0,0.009433962264150945,1.0
biweight-2.0,19,pulsation,1.0,300.0,107,0,1.0,0.0,0.8809738359190287,0.0,-8.673617379884035e-19,0.009259259259259259,1.0
biweight-2.0,20,pulsation,1.0,1000.0,102,0,1.0,0.0,0.7952169151551367,0.0,0.0,0.00970873786407767,1.0
biweight-2.0,21,pulsation,2.0,30.0,103,18,0.745,0.255,0.9315922193223751,0.17475728155339806,0.1405150580687616,0.21525417270046918,1.0
biweight-2.0,22,pulsation,2.0,100.0,93,0,1.0,0.0,0.9544231732548596,0.0,8.673617379884035e-19,0.010638297872340427,1.0
biweight-2.0,23,pulsation,2.0,300.0,109,0,1.0,0.0,0.950952347557547,0.0,0.0,0.009090909090909092,1.0
biweight-2.0,24,pulsation,2.0,1000.0,115,0,1.0,0.0,0.9517294346067853,0.0,0.0,0.008620689655172414,1.0
biweight-2.0,25,spots,1.0,30.0,109,45,0.525,0.475,0.9427094008181814,0.41284403669724773,0.3666864005152243,0.4605863267575031,1.0
biweight-2.0,26,spots,1.0,100.0,102,0,1.0,0.0,0.9373591468485429,0.0,0.0,0.00970873786407767,1.0
biweight-2.0,27,spots,1.0,300.0,104,0,1.0,0.0,0.9299644248462076,0.0,0.0,0.009523809523809525,1.0
biweight-2.0,28,spots,1.0,1000.0,104,0,0.995,0.0,0.9396617473366191,0.0,0.0,0.009523809523809525,1.0
biweight-2.0,29,spots,3.0,30.0,101,99,0.08,0.91,0.9381810952183188,0.9801980198019802,0.9609143130264876,0.9900660791303751,0.8
biweight-2.0,30,spots,3.0,100.0,123,0,0.995,0.005,0.9395549942348422,0.0,8.673617379884035e-19,0.008064516129032258,1.0
biweight-2.0,31,spots,3.0,300.0,99,0,1.0,0.0,0.945816633988511,0.0,8.673617379884035e-19,0.009999999999999998,1.0
biweight-2.0,32,spots,3.0,1000.0,90,0,1.0,0.0,0.9568368810291809,0.0,0.0,0.01098901098901099,1.0
biweight-2.0,33,spots,10.0,30.0,104,104,0.0,0.97,0.9394743669660264,1.0,0.9904761904761905,1.0,0.0
biweight-2.0,34,spots,10.0,100.0,95,95,0.0,0.975,0.9531818060935588,1.0,0.9895833333333333,1.0,0.0
biweight-2.0,35,spots,10.0,300.0,95,92,0.14,0.83,0.9287091187556809,0.968421052631579,0.9450384787202265,0.9820448546131068,0.35
biweight-2.0,36,spots,10.0,1000.0,101,0,0.46,0.075,0.9320554594680461,0.0,0.0,0.00980392156862745,0.65
biweight-2.0,37,spots,30.0,30.0,108,108,0.0,0.995,0.942618154379802,1.0,0.9908256880733944,0.9999999999999999,0.0
biweight-2.0,38,spots,30.0,100.0,91,91,0.0,0.965,0.9465121961548233,1.0,0.9891304347826086,1.0,0.0
biweight-2.0,39,spots,30.0,300.0,84,84,0.0,0.98,0.9413188097202105,1.0,0.9882352941176471,1.0,0.0
biweight-2.0,40,spots,30.0,1000.0,94,94,0.0,0.995,0.9295283542130602,1.0,0.9894736842105262,0.9999999999999999,0.0
none,0,none,0.0,0.0,95,95,0.0,0.99,0.9686473841776542,1.0,0.9895833333333333,1.0,0.1
none,1,pulsation,0.08333333333333333,30.0,101,101,0.005,0.99,0.9724405772517868,1.0,0.9901960784313726,1.0,0.0
none,2,pulsation,0.08333333333333333,100.0,99,81,0.18,0.8,0.9747058088801024,0.8181818181818182,0.7762995184432122,0.8537004815567879,0.6
none,3,pulsation,0.08333333333333333,300.0,101,21,0.805,0.18,0.8951421220229585,0.2079207920792079,0.1705002596337603,0.2510683678172201,1.0
none,4,pulsation,0.08333333333333333,1000.0,93,0,0.995,0.0,2.151916549943601,0.0,8.673617379884035e-19,0.010638297872340427,1.0
none,5,pulsation,0.16666666666666666,30.0,104,104,0.03,0.97,0.9810007878857802,1.0,0.9904761904761905,1.0,0.85
none,6,pulsation,0.16666666666666666,100.0,106,1,0.88,0.095,0.9617074200796049,0.009433962264150943,0.003609280355007523,0.024428102822562567,1.0
none,7,pulsation,0.16666666666666666,300.0,105,0,1.0,0.0,1.0177541462140482,0.0,0.0,0.009433962264150945,1.0
none,8,pulsation,0.16666666666666666,1000.0,99,0,0.995,0.0,0.6877292747570786,0.0,8.673617379884035e-19,0.009999999999999998,1.0
none,9,pulsation,0.3333333333333333,30.0,114,106,0.165,0.835,0.9763095169952838,0.9298245614035088,0.9019753751815566,0.9501985378619217,1.0
none,10,pulsation,0.3333333333333333,100.0,108,1,0.995,0.005,0.9727926083942762,0.009259259259259259,0.003542335547521192,0.02398060023229532,1.0
none,11,pulsation,0.3333333333333333,300.0,107,0,1.0,0.0,1.1085718564088753,0.0,-8.673617379884035e-19,0.009259259259259259,1.0
none,12,pulsation,0.3333333333333333,1000.0,111,0,1.0,0.0,0.5850299560430063,0.0,0.0,0.00892857142857143,1.0
none,13,pulsation,0.6666666666666666,30.0,96,46,0.465,0.535,0.9886078047454265,0.4791666666666667,0.4286577683191563,0.5301051182787818,1.0
none,14,pulsation,0.6666666666666666,100.0,107,0,1.0,0.0,0.9678914415503416,0.0,-8.673617379884035e-19,0.009259259259259259,1.0
none,15,pulsation,0.6666666666666666,300.0,96,0,0.99,0.005,1.0411314478754452,0.0,0.0,0.010309278350515462,1.0
none,16,pulsation,0.6666666666666666,1000.0,103,0,0.995,0.005,1.5808027438386776,0.0,0.0,0.009615384615384614,1.0
none,17,pulsation,1.0,30.0,93,3,0.79,0.21,0.9869920296956953,0.03225806451612903,0.018343271591433268,0.056124813514949703,1.0
none,18,pulsation,1.0,100.0,105,0,0.995,0.0,0.9705865743933589,0.0,0.0,0.009433962264150945,1.0
none,19,pulsation,1.0,300.0,107,0,1.0,0.0,0.8367809539938584,0.0,-8.673617379884035e-19,0.009259259259259259,1.0
none,20,pulsation,1.0,1000.0,102,0,1.0,0.0,0.25609766424222985,0.0,0.0,0.00970873786407767,1.0
none,21,pulsation,2.0,30.0,103,21,0.73,0.27,0.9613339799176146,0.20388349514563106,0.16712233233774704,0.2463392061237914,1.0
none,22,pulsation,2.0,100.0,93,0,1.0,0.0,0.9838365913512734,0.0,8.673617379884035e-19,0.010638297872340427,1.0
none,23,pulsation,2.0,300.0,109,0,1.0,0.0,1.0283964888797752,0.0,0.0,0.009090909090909092,1.0
none,24,pulsation,2.0,1000.0,115,0,1.0,0.0,1.320723960676601,0.0,0.0,0.008620689655172414,1.0
none,25,spots,1.0,30.0,109,55,0.47,0.53,0.9809698810528491,0.5045871559633027,0.45687431316172045,0.5522165959291886,1.0
none,26,spots,1.0,100.0,102,0,1.0,0.0,0.975843929178807,0.0,0.0,0.00970873786407767,1.0
none,27,spots,1.0,300.0,104,0,1.0,0.0,0.9569246203608258,0.0,0.0,0.009523809523809525,1.0
none,28,spots,1.0,1000.0,104,0,0.995,0.0,1.007839161958886,0.0,0.0,0.009523809523809525,1.0
none,29,spots,3.0,30.0,101,90,0.205,0.795,0.9791332753827413,0.8910891089108911,0.8561717078585703,0.9183380960629982,0.95
none,30,spots,3.0,100.0,123,1,0.995,0.005,0.9783967897186632,0.008130081300813009,0.0031097405278192897,0.021083807859277486,1.0
none,31,spots,3.0,300.0,99,0,1.0,0.0,0.9807405050643603,0.0,8.673617379884035e-19,0.009999999999999998,1.0
none,32,spots,3.0,1000.0,90,0,1.0,0.0,0.9525064511984807,0.0,0.0,0.01098901098901099,1.0
none,33,spots,10.0,30.0,104,101,0.035,0.935,0.9731659318739593,0.9711538461538461,0.9497275023739606,0.9836058309593727,0.5
none,34,spots,10.0,100.0,95,3,0.79,0.12,0.9796965831278153,0.031578947368421054,0.017955145386893228,0.05496152127977344,0.75
none,35,spots,10.0,300.0,95,0,0.8,0.0,1.008649924148338,0.0,0.0,0.010416666666666666,0.7
none,36,spots,10.0,1000.0,101,0,0.7,0.0,1.144900795911851,0.0,0.0,0.00980392156862745,0.75
none,37,spots,30.0,30.0,108,107,0.02,0.975,0.9776757808404226,0.9907407407407407,0.9760193997677047,0.9964576644524787,0.35
none,38,spots,30.0,100.0,91,36,0.535,0.43,0.9750130471443614,0.3956043956043956,0.34574680160939825,0.44773145926016694,1.0
none,39,spots,30.0,300.0,84,1,0.94,0.005,0.996986333821732,0.011904761904761904,0.004556502582019133,0.030737615065039692,0.9
none,40,spots,30.0,1000.0,94,0,0.9,0.0,0.840616935538409,0.0,0.0,0.010526315789473684,0.85
prewhiten+biweight-1.0,0,none,0.0,0.0,95,95,0.005,0.97,0.8630273295319477,1.0,0.9895833333333333,1.0,0.05
prewhiten+biweight-1.0,1,pulsation,0.08333333333333333,30.0,101,101,0.0,0.975,0.8780357080149721,1.0,0.9901960784313726,1.0,0.0
prewhiten+biweight-1.0,2,pulsation,0.08333333333333333,100.0,99,99,0.0,0.985,0.873982165615854,1.0,0.9899999999999999,0.9999999999999999,0.0
prewhiten+biweight-1.0,3,pulsation,0.08333333333333333,300.0,101,101,0.0,0.96,0.8621179758597413,1.0,0.9901960784313726,1.0,0.0
prewhiten+biweight-1.0,4,pulsation,0.08333333333333333,1000.0,93,93,0.0,0.98,0.8725754195881379,1.0,0.9893617021276595,1.0,0.0
prewhiten+biweight-1.0,5,pulsation,0.16666666666666666,30.0,104,104,0.0,0.98,0.8610529952611585,1.0,0.9904761904761905,1.0,0.0
prewhiten+biweight-1.0,6,pulsation,0.16666666666666666,100.0,106,105,0.0,0.97,0.855840205715225,0.9905660377358491,0.9755718971774374,0.9963907196449924,0.0
prewhiten+biweight-1.0,7,pulsation,0.16666666666666666,300.0,105,105,0.0,0.985,0.8540738412727152,1.0,0.9905660377358491,1.0,0.0
prewhiten+biweight-1.0,8,pulsation,0.16666666666666666,1000.0,99,99,0.0,0.99,0.8614179154563635,1.0,0.9899999999999999,0.9999999999999999,0.0
prewhiten+biweight-1.0,9,pulsation,0.3333333333333333,30.0,114,114,0.005,0.985,0.859856148403807,1.0,0.9913043478260869,0.9999999999999999,0.05
prewhiten+biweight-1.0,10,pulsation,0.3333333333333333,100.0,108,108,0.0,0.97,0.8725657255587292,1.0,0.9908256880733944,0.9999999999999999,0.0
prewhiten+biweight-1.0,11,pulsation,0.3333333333333333,300.0,107,107,0.0,0.97,0.8613410844856504,1.0,0.9907407407407409,1.0000000000000002,0.0
prewhiten+biweight-1.0,12,pulsation,0.3333333333333333,1000.0,111,111,0.0,0.995,0.8679795674529194,1.0,0.9910714285714286,1.0,0.0
prewhiten+biweight-1.0,13,pulsation,0.6666666666666666,30.0,96,95,0.0,0.975,0.8723746571926592,0.9895833333333334,0.9730580848660761,0.9960140800823776,0.0
prewhiten+biweight-1.0,14,pulsation,0.6666666666666666,100.0,107,107,0.0,0.965,0.8687232989795787,1.0,0.9907407407407409,1.0000000000000002,0.0
prewhiten+biweight-1.0,15,pulsation,0.6666666666666666,300.0,96,95,0.0,0.96,0.8667632812935737,0.9895833333333334,0.9730580848660761,0.9960140800823776,0.0
prewhiten+biweight-1.0,16,pulsation,0.6666666666666666,1000.0,103,103,0.0,0.975,0.8689392060563295,1.0,0.9903846153846154,1.0,0.0
prewhiten+biweight-1.0,17,pulsation,1.0,30.0,93,93,0.0,0.98,0.8584104646815971,1.0,0.9893617021276595,1.0,0.0
prewhiten+biweight-1.0,18,pulsation,1.0,100.0,105,105,0.0,0.985,0.8740120255151738,1.0,0.9905660377358491,1.0,0.0
prewhiten+biweight-1.0,19,pulsation,1.0,300.0,107,107,0.0,0.975,0.8563988908062915,1.0,0.9907407407407409,1.0000000000000002,0.0
prewhiten+biweight-1.0,20,pulsation,1.0,1000.0,102,102,0.0,0.975,0.8663469306091955,1.0,0.9902912621359223,1.0,0.0
prewhiten+biweight-1.0,21,pulsation,2.0,30.0,103,103,0.005,0.965,0.8614017454706767,1.0,0.9903846153846154,1.0,0.05
prewhiten+biweight-1.0,22,pulsation,2.0,100.0,93,93,0.0,0.96,0.8709080801352349,1.0,0.9893617021276595,1.0,0.0
prewhiten+biweight-1.0,23,pulsation,2.0,300.0,109,109,0.0,0.98,0.8597499600220815,1.0,0.9909090909090911,1.0000000000000002,0.0
prewhiten+biweight-1.0,24,pulsation,2.0,1000.0,115,114,0.0,0.98,0.8707715866875834,0.991304347826087,0.9774643242405636,0.9966736067939193,0.0
prewhiten+biweight-1.0,25,spots,1.0,30.0,109,109,0.0,0.955,0.8612853951408678,1.0,0.9909090909090911,1.0000000000000002,0.0
prewhiten+biweight-1.0,26,spots,1.0,100.0,102,68,0.055,0.62,0.8471312224126117,0.6666666666666666,0.6185714996234787,0.711525587755162,0.0
prewhiten+biweight-1.0,27,spots,1.0,300.0,104,0,0.015,0.0,0.8202323943155709,0.0,0.0,0.009523809523809525,0.0
prewhiten+biweight-1.0,28,spots,1.0,1000.0,104,0,0.0,0.0,0.869908006862453,0.0,0.0,0.009523809523809525,0.0
prewhiten+biweight-1.0,29,spots,3.0,30.0,101,101,0.0,0.985,0.8592274774534073,1.0,0.9901960784313726,1.0,0.0
prewhiten+biweight-1.0,30,spots,3.0,100.0,123,122,0.0,0.97,0.8672513319415832,0.991869918699187,0.9789161921407226,0.9968902594721807,0.1
prewhiten+biweight-1.0,31,spots,3.0,300.0,99,43,0.35,0.44,0.865893646122223,0.43434343434343436,0.3854286046966274,0.4845713953033726,1.0
prewhiten+biweight-1.0,32,spots,3.0,1000.0,90,0,0.33,0.0,0.872253690544684,0.0,0.0,0.01098901098901099,0.3
prewhiten+biweight-1.0,33,spots,10.0,30.0,104,103,0.0,0.965,0.8682771208114766,0.9903846153846154,0.975107375651597,0.9963211957769745,0.0
prewhiten+biweight-1.0,34,spots,10.0,100.0,95,95,0.0,0.975,0.8760920877305615,1.0,0.9895833333333333,1.0,0.0
prewhiten+biweight-1.0,35,spots,10.0,300.0,95,95,0.0,0.99,0.8611876995511107,1.0,0.9895833333333333,1.0,0.0
prewhiten+biweight-1.0,36,spots,10.0,1000.0,101,101,0.0,0.96,0.8676663968231083,1.0,0.9901960784313726,1.0,0.0
prewhiten+biweight-1.0,37,spots,30.0,30.0,108,108,0.0,0.975,0.8748867360697277,1.0,0.9908256880733944,0.9999999999999999,0.0
prewhiten+biweight-1.0,38,spots,30.0,100.0,91,91,0.0,0.955,0.8748408071731348,1.0,0.9891304347826086,1.0,0.0
prewhiten+biweight-1.0,39,spots,30.0,300.0,84,84,0.005,0.98,0.8725159891262348,1.0,0.9882352941176471,1.0,0.0
prewhiten+biweight-1.0,40,spots,30.0,1000.0,94,94,0.0,0.995,0.8690245426809091,1.0,0.9894736842105262,0.9999999999999999,0.0
