star_id,radius,mass,teff,kepmag,cell,var_kind,var_period_d,var_amp_ppm,cat_period_d,cat_amp_ppm
10071382,0.845,0.733,5843.0,12.071,spots-P1d-A100,spots,1.0,100.0,1.524,158.83
6058691,1.628,1.045,6223.0,13.773,spots-P1d-A300,spots,1.0,300.0,1.289,385.835
6717185,1.311,0.931,6098.0,13.896,spots-P1d-A300,spots,1.0,300.0,1.584,531.315
8832625,1.19,1.102,6403.0,13.743,spots-P1d-A300,spots,1.0,300.0,1.581,507.265
5547209,1.406,1.068,6305.0,13.568,spots-P1d-A300,spots,1.0,300.0,1.189,411.985
9307142,1.188,0.985,6081.0,13.341,spots-P1d-A300,spots,1.0,300.0,1.606,432.82
10527275,1.155,1.183,6450.0,13.459,spots-P1d-A300,spots,1.0,300.0,1.984,429.66
2021099,1.341,1.059,6140.0,13.58,spots-P1d-A300,spots,1.0,300.0,0.518,358.03
7451094,0.736,0.824,5772.0,13.176,spots-P1d-A300,spots,1.0,300.0,1.856,271.485
5792102,0.948,1.01,5843.0,13.772,spots-P1d-A300,spots,1.0,300.0,0.603,333.52
3116989,0.795,0.734,5329.0,13.65,spots-P1d-A300,spots,1.0,300.0,1.441,346.495
7131344,1.175,0.979,6456.0,13.901,spots-P1d-A300,spots,1.0,300.0,1.751,395.895
10086746,1.06,1.113,6290.0,13.511,spots-P1d-A300,spots,1.0,300.0,1.973,285.18
8818095,1.063,0.921,5952.0,13.407,spots-P1d-A300,spots,1.0,300.0,1.091,421.495
8677354,1.636,1.11,6257.0,13.19,spots-P1d-A300,spots,1.0,300.0,1.38,259.34
5623915,1.15,0.991,6075.0,12.661,spots-P1d-A300,spots,1.0,300.0,0.57,294.985
4648919,1.257,0.995,5876.0,13.894,spots-P1d-A300,spots,1.0,300.0,0.627,508.545
5372081,1.01,1.066,6340.0,13.501,spots-P1d-A300,spots,1.0,300.0,1.533,528.425
4372327,1.761,1.153,6343.0,12.378,spots-P1d-A300,spots,1.0,300.0,1.449,225.9
9007332,1.332,1.02,6105.0,12.863,spots-P1d-A300,spots,1.0,300.0,0.931,217.29
5217120,1.259,1.098,6410.0,13.854,spots-P1d-A300,spots,1.0,300.0,1.338,477.565
8059878,1.142,0.987,6440.0,13.094,spots-P1d-A300,spots,1.0,300.0,1.5,532.955
11803183,1.072,1.12,6335.0,13.84,spots-P1d-A300,spots,1.0,300.0,1.298,523.775
8315646,1.524,1.102,6496.0,13.85,spots-P1d-A300,spots,1.0,300.0,1.021,440.195
9604670,1.184,0.946,6453.0,13.345,spots-P1d-A300,spots,1.0,300.0,1.318,465.455
7198846,1.442,0.968,5513.0,13.978,spots-P1d-A300,spots,1.0,300.0,0.57,485.27
3761657,1.609,1.136,6276.0,13.683,spots-P1d-A300,spots,1.0,300.0,1.653,500.945
5478337,1.329,0.874,6279.0,13.745,spots-P1d-A300,spots,1.0,300.0,1.459,528.695
10936669,1.303,1.028,5951.0,13.943,spots-P1d-A300,spots,1.0,300.0,1.91,474.305
10153521,0.795,0.824,5037.0,13.202,spots-P1d-A300,spots,1.0,300.0,1.743,290.35
7216616,1.432,1.008,6353.0,12.955,spots-P1d-A300,spots,1.0,300.0,0.976,306.725
8328325,1.458,0.943,6187.0,13.539,spots-P1d-A1000,spots,1.0,1000.0,1.87,571.61
7979499,1.373,0.886,5900.0,13.523,spots-P1d-A1000,spots,1.0,1000.0,1.527,579.865
7201665,0.813,0.895,5833.0,13.706,spots-P1d-A1000,spots,1.0,1000.0,1.034,766.16
8780205,1.22,0.957,6446.0,13.556,spots-P1d-A1000,spots,1.0,1000.0,0.775,1329.39
10023062,1.465,1.305,6458.0,11.055,spots-P1d-A1000,spots,1.0,1000.0,0.891,1264.72
2164031,1.011,1.002,6215.0,13.933,spots-P1d-A1000,spots,1.0,1000.0,1.114,751.405
6221992,1.558,0.917,6367.0,13.615,spots-P1d-A1000,spots,1.0,1000.0,1.814,668.2
2722074,0.962,1.024,6344.0,13.836,spots-P1d-A1000,spots,1.0,1000.0,1.937,925.78
5953426,1.045,1.094,6351.0,13.481,spots-P1d-A1000,spots,1.0,1000.0,1.894,743.745
4774321,1.201,1.055,6293.0,13.806,spots-P1d-A1000,spots,1.0,1000.0,1.097,1087.755
4164369,1.447,1.251,6061.0,12.793,spots-P1d-A1000,spots,1.0,1000.0,0.72,896.575
4375925,1.198,1.181,6399.0,12.859,spots-P1d-A1000,spots,1.0,1000.0,0.86,578.82
6782983,1.703,1.167,6481.0,12.981,spots-P1d-A1000,spots,1.0,1000.0,1.748,1213.105
10165823,0.925,1.008,6060.0,12.801,spots-P1d-A1000,spots,1.0,1000.0,1.026,842.14
8651921,1.521,1.276,6471.0,13.216,spots-P1d-A1000,spots,1.0,1000.0,0.945,606.42
5476835,1.018,1.058,6102.0,13.851,spots-P1d-A1000,spots,1.0,1000.0,1.155,1231.33
9245070,1.398,1.213,6422.0,13.484,spots-P1d-A1000,spots,1.0,1000.0,0.776,1228.66
10253676,0.903,0.812,5936.0,13.991,spots-P1d-A1000,spots,1.0,1000.0,1.373,914.605
6604836,1.116,1.198,6298.0,13.713,spots-P1d-A1000,spots,1.0,1000.0,1.221,1622.17
10226781,1.032,1.047,6447.0,13.818,spots-P1d-A1000,spots,1.0,1000.0,1.034,957.845
4741685,0.95,0.796,5873.0,13.793,spots-P1d-A1000,spots,1.0,1000.0,0.714,641.465
6374063,1.623,1.333,6344.0,13.148,spots-P1d-A1000,spots,1.0,1000.0,1.058,1395.06
7597771,0.748,0.727,5125.0,13.822,spots-P1d-A1000,spots,1.0,1000.0,0.621,1668.005
5444276,1.415,1.206,6467.0,12.798,spots-P1d-A1000,spots,1.0,1000.0,0.706,727.34
3120960,1.024,1.068,6469.0,13.658,spots-P1d-A1000,spots,1.0,1000.0,1.298,708.135
6068947,1.196,1.018,5745.0,13.302,spots-P1d-A1000,spots,1.0,1000.0,0.577,906.465
5526727,1.245,1.095,6238.0,12.152,spots-P1d-A1000,spots,1.0,1000.0,1.103,661.39
3958527,1.564,0.919,5268.0,13.659,spots-P1d-A1000,spots,1.0,1000.0,1.612,676.93
5001752,1.774,1.183,6133.0,13.976,spots-P1d-A1000,spots,1.0,1000.0,1.419,913.86
7294836,1.49,1.178,6387.0,13.861,spots-P1d-A1000,spots,1.0,1000.0,1.44,621.945
11414106,1.387,1.214,6398.0,11.166,spots-P3d-A100,spots,3.0,100.0,4.183,148.685
7051138,1.035,1.083,6363.0,11.81,spots-P3d-A100,spots,3.0,100.0,3.983,168.65
6130977,1.045,1.094,6351.0,11.232,spots-P3d-A100,spots,3.0,100.0,4.8,163.225
8245192,0.958,1.03,5982.0,12.987,spots-P3d-A300,spots,3.0,300.0,4.982,462.77
1722816,1.407,1.252,6473.0,13.25,spots-P3d-A300,spots,3.0,300.0,4.628,485.895
9652725,1.169,1.196,6440.0,13.536,spots-P3d-A300,spots,3.0,300.0,4.9,370.055
10960783,1.722,1.336,6493.0,12.079,spots-P3d-A300,spots,3.0,300.0,4.315,217.63
6024455,1.54,1.115,6338.0,12.493,spots-P3d-A300,spots,3.0,300.0,4.83,345.915
9543658,1.884,1.371,6443.0,11.043,spots-P3d-A300,spots,3.0,300.0,2.237,381.38
8235260,1.332,1.197,6459.0,12.662,spots-P3d-A300,spots,3.0,300.0,2.829,533.61
7049056,1.074,1.114,6436.0,13.683,spots-P3d-A300,spots,3.0,300.0,4.695,312.075
10158680,1.027,0.854,6026.0,13.825,spots-P3d-A300,spots,3.0,300.0,4.125,415.935
7621754,1.617,1.062,6290.0,13.986,spots-P3d-A300,spots,3.0,300.0,3.589,475.525
3339186,1.703,1.167,6481.0,11.665,spots-P3d-A300,spots,3.0,300.0,2.33,533.015
7433434,0.96,1.04,6461.0,13.675,spots-P3d-A300,spots,3.0,300.0,2.994,357.805
11611654,1.603,1.218,6370.0,13.583,spots-P3d-A300,spots,3.0,300.0,4.238,393.3
6521894,1.116,1.138,6314.0,13.509,spots-P3d-A300,spots,3.0,300.0,3.607,367.49
4553072,1.597,1.182,5982.0,13.872,spots-P3d-A300,spots,3.0,300.0,2.278,296.83
4640877,1.085,0.837,5751.0,13.71,spots-P3d-A300,spots,3.0,300.0,2.34,440.865
4826941,1.096,1.193,6147.0,13.917,spots-P3d-A300,spots,3.0,300.0,3.485,368.925
11351281,1.189,1.027,6474.0,12.962,spots-P3d-A300,spots,3.0,300.0,3.086,416.95
7222208,1.198,1.22,6446.0,13.517,spots-P3d-A300,spots,3.0,300.0,3.392,425.935
10488161,1.288,1.05,6116.0,13.69,spots-P3d-A300,spots,3.0,300.0,2.84,407.37
5440027,1.401,1.214,6322.0,13.701,spots-P3d-A300,spots,3.0,300.0,4.884,311.225
11722427,1.784,1.371,6449.0,13.154,spots-P3d-A300,spots,3.0,300.0,4.117,284.045
10714051,1.148,1.033,6465.0,11.627,spots-P3d-A300,spots,3.0,300.0,3.841,203.64
10671153,1.197,1.218,6456.0,13.495,spots-P3d-A300,spots,3.0,300.0,4.708,313.09
4753792,1.285,1.051,6463.0,13.811,spots-P3d-A300,spots,3.0,300.0,2.534,521.33
5004096,1.589,1.335,6476.0,12.494,spots-P3d-A300,spots,3.0,300.0,2.626,358.135
9471239,1.4,1.198,6477.0,11.991,spots-P3d-A300,spots,3.0,300.0,3.204,282.615
5356535,1.625,0.984,6207.0,13.786,spots-P3d-A300,spots,3.0,300.0,2.262,379.04
3455074,1.59,1.312,6409.0,11.817,spots-P3d-A300,spots,3.0,300.0,2.161,332.86
6294042,1.74,1.399,6451.0,11.875,spots-P3d-A300,spots,3.0,300.0,4.197,277.43
8882746,1.142,0.998,5665.0,13.564,spots-P3d-A1000,spots,3.0,1000.0,2.202,886.5
5530330,1.626,1.048,6211.0,13.686,spots-P3d-A1000,spots,3.0,1000.0,4.464,1436.5
2300631,1.672,1.346,6396.0,13.823,spots-P3d-A1000,spots,3.0,1000.0,4.815,1376.45
5305128,1.712,1.179,6214.0,11.43,spots-P3d-A1000,spots,3.0,1000.0,3.135,1095.085
9666548,1.377,1.078,6230.0,13.725,spots-P3d-A1000,spots,3.0,1000.0,4.735,905.605
4546129,1.157,1.001,5936.0,13.822,spots-P3d-A1000,spots,3.0,1000.0,3.284,1373.825
8440195,1.174,1.197,6467.0,13.715,spots-P3d-A1000,spots,3.0,1000.0,2.99,1407.085
3642695,1.299,1.193,6493.0,13.642,spots-P3d-A1000,spots,3.0,1000.0,2.394,1522.63
9843813,0.926,0.994,6181.0,11.643,spots-P3d-A1000,spots,3.0,1000.0,4.909,1020.85
10750347,0.874,0.922,6105.0,13.522,spots-P3d-A1000,spots,3.0,1000.0,2.149,1585.53
2715319,1.263,1.067,6353.0,13.87,spots-P3d-A1000,spots,3.0,1000.0,4.233,944.615
5792658,1.767,1.344,6487.0,13.1,spots-P3d-A1000,spots,3.0,1000.0,3.0,905.44
9899186,1.08,0.948,6375.0,12.04,spots-P3d-A1000,spots,3.0,1000.0,4.675,1128.45
5110034,1.0,1.044,6382.0,13.673,spots-P3d-A1000,spots,3.0,1000.0,3.798,903.995
9910286,1.006,0.886,5991.0,13.477,spots-P3d-A1000,spots,3.0,1000.0,4.284,971.345
7104452,1.328,1.195,6362.0,11.755,spots-P3d-A1000,spots,3.0,1000.0,3.178,1283.975
4636464,1.108,1.029,6299.0,13.476,spots-P3d-A1000,spots,3.0,1000.0,3.655,648.44
7380684,1.633,1.28,6468.0,12.77,spots-P3d-A1000,spots,3.0,1000.0,2.737,624.775
10158151,1.171,1.241,6418.0,13.909,spots-P3d-A1000,spots,3.0,1000.0,2.172,1104.295
10922695,1.423,1.234,6367.0,13.829,spots-P3d-A1000,spots,3.0,1000.0,4.41,625.82
6782960,1.051,0.882,5985.0,13.774,spots-P3d-A1000,spots,3.0,1000.0,3.986,627.71
7757301,1.157,1.186,6435.0,13.96,spots-P3d-A1000,spots,3.0,1000.0,3.819,1195.895
5896439,1.057,1.075,6364.0,13.863,spots-P3d-A1000,spots,3.0,1000.0,2.926,738.47
5781895,1.415,1.206,6467.0,12.898,spots-P3d-A1000,spots,3.0,1000.0,3.605,811.07
2283166,1.072,1.118,6352.0,13.998,spots-P3d-A1000,spots,3.0,1000.0,4.228,765.115
5296299,1.259,1.218,6482.0,13.245,spots-P3d-A1000,spots,3.0,1000.0,4.222,736.86
6048834,1.026,1.068,6495.0,13.855,spots-P3d-A1000,spots,3.0,1000.0,3.683,878.035
7750128,1.149,0.999,6387.0,12.762,spots-P3d-A1000,spots,3.0,1000.0,3.642,1575.975
4478457,1.542,1.248,6354.0,13.469,spots-P3d-A1000,spots,3.0,1000.0,4.302,1090.615
5450114,1.792,1.194,6370.0,12.874,spots-P3d-A1000,spots,3.0,1000.0,3.43,907.48
6608856,1.671,1.152,6311.0,12.128,spots-P10d-A100,spots,10.0,100.0,11.454,157.98
5359275,1.482,1.208,6263.0,11.444,spots-P10d-A100,spots,10.0,100.0,5.59,133.155
9514763,1.681,1.372,6493.0,12.06,spots-P10d-A100,spots,10.0,100.0,10.963,163.97
6206983,1.157,1.061,5982.0,11.555,spots-P10d-A100,spots,10.0,100.0,11.239,168.025
6425358,1.17,1.048,6257.0,11.062,spots-P10d-A100,spots,10.0,100.0,10.392,162.765
10155219,1.172,1.253,6311.0,11.202,spots-P10d-A100,spots,10.0,100.0,6.159,169.245
8016222,1.018,1.073,6181.0,11.645,spots-P10d-A100,spots,10.0,100.0,5.612,152.705
2571934,1.552,1.291,6458.0,11.647,spots-P10d-A100,spots,10.0,100.0,5.506,169.635
8017150,1.31,0.835,6261.0,13.642,spots-P10d-A300,spots,10.0,300.0,7.932,449.24
5273296,1.531,1.292,6168.0,13.782,spots-P10d-A300,spots,10.0,300.0,11.678,416.725
4346803,1.163,0.91,5977.0,13.137,spots-P10d-A300,spots,10.0,300.0,14.995,376.94
5522492,1.243,1.155,6294.0,13.009,spots-P10d-A300,spots,10.0,300.0,11.813,398.37
7909082,0.889,0.974,5897.0,13.929,spots-P10d-A300,spots,10.0,300.0,12.326,435.515
7625138,1.236,1.231,6313.0,11.331,spots-P10d-A300,spots,10.0,300.0,7.322,276.06
9957866,1.134,1.174,6353.0,13.629,spots-P10d-A300,spots,10.0,300.0,9.333,393.985
5530076,1.105,1.06,6266.0,13.123,spots-P10d-A300,spots,10.0,300.0,14.952,278.025
7295809,1.403,1.102,6315.0,13.471,spots-P10d-A300,spots,10.0,300.0,10.522,479.445
9637073,1.725,1.269,6409.0,11.357,spots-P10d-A300,spots,10.0,300.0,14.49,309.275
5461699,1.371,1.02,6140.0,12.439,spots-P10d-A300,spots,10.0,300.0,11.202,361.575
8624967,1.35,1.001,6214.0,11.73,spots-P10d-A300,spots,10.0,300.0,10.272,298.695
9467905,1.035,1.001,6309.0,12.087,spots-P10d-A300,spots,10.0,300.0,10.2,191.72
7671229,1.062,0.991,6251.0,13.513,spots-P10d-A300,spots,10.0,300.0,14.231,352.845
4150136,1.449,1.021,6437.0,13.725,spots-P10d-A300,spots,10.0,300.0,9.477,540.825
4547500,1.76,1.212,6290.0,11.826,spots-P10d-A300,spots,10.0,300.0,9.451,525.625
6223262,1.507,1.243,6200.0,13.105,spots-P10d-A300,spots,10.0,300.0,6.897,346.2
8609607,1.175,1.128,6294.0,13.124,spots-P10d-A300,spots,10.0,300.0,11.458,299.87
9451323,1.171,1.241,6418.0,12.576,spots-P10d-A300,spots,10.0,300.0,10.784,263.455
4921698,1.034,1.041,6420.0,12.075,spots-P10d-A300,spots,10.0,300.0,10.687,234.215
7660047,1.857,1.281,6475.0,12.278,spots-P10d-A300,spots,10.0,300.0,6.423,350.325
7691910,1.15,1.066,6313.0,12.363,spots-P10d-A300,spots,10.0,300.0,9.146,193.27
10350930,1.024,1.084,6224.0,13.941,spots-P10d-A300,spots,10.0,300.0,13.021,464.71
12469887,1.264,1.031,6315.0,11.319,spots-P10d-A300,spots,10.0,300.0,10.876,201.67
6878913,0.975,1.058,6018.0,13.7,spots-P10d-A300,spots,10.0,300.0,11.407,382.305
12165495,1.054,0.852,5522.0,12.605,spots-P10d-A300,spots,10.0,300.0,9.091,448.91
8801363,1.307,0.99,6123.0,11.381,spots-P10d-A300,spots,10.0,300.0,14.983,263.365
10000291,1.784,1.165,6200.0,12.548,spots-P10d-A300,spots,10.0,300.0,9.651,424.22
9214930,1.254,0.877,6327.0,12.247,spots-P10d-A300,spots,10.0,300.0,12.143,477.42
8432188,1.528,1.167,5774.0,13.557,spots-P10d-A300,spots,10.0,300.0,9.369,399.44
9579191,0.824,0.733,5678.0,12.08,spots-P10d-A1000,spots,10.0,1000.0,14.304,1335.265
11194075,1.022,0.984,6499.0,13.557,spots-P10d-A1000,spots,10.0,1000.0,8.499,1454.175
6065010,1.71,1.081,6365.0,12.885,spots-P10d-A1000,spots,10.0,1000.0,7.532,1547.515
3847077,1.183,1.25,6442.0,13.727,spots-P10d-A1000,spots,10.0,1000.0,14.027,711.205
6371675,1.663,1.087,6344.0,13.511,spots-P10d-A1000,spots,10.0,1000.0,12.983,1480.875
8584222,0.674,0.652,5245.0,13.595,spots-P10d-A1000,spots,10.0,1000.0,8.266,1310.825
4946469,1.157,1.056,6238.0,13.655,spots-P10d-A1000,spots,10.0,1000.0,5.681,1233.62
5978682,0.97,1.045,6480.0,13.685,spots-P10d-A1000,spots,10.0,1000.0,7.591,757.1
6286956,1.282,1.288,6427.0,13.877,spots-P10d-A1000,spots,10.0,1000.0,5.2,860.6
6548655,1.011,1.026,6296.0,13.779,spots-P10d-A1000,spots,10.0,1000.0,8.781,1367.39
7744634,1.147,1.141,6414.0,13.171,spots-P10d-A1000,spots,10.0,1000.0,12.371,954.495
8581207,1.346,1.175,6302.0,11.468,spots-P10d-A1000,spots,10.0,1000.0,5.528,699.64
4476193,1.133,0.977,6109.0,13.632,spots-P10d-A1000,spots,10.0,1000.0,13.118,761.45
3347938,1.203,1.184,6232.0,11.799,spots-P10d-A1000,spots,10.0,1000.0,6.241,1654.715
8848600,1.135,1.094,6170.0,13.771,spots-P10d-A1000,spots,10.0,1000.0,5.074,1167.03
10973346,1.046,1.008,6074.0,13.464,spots-P10d-A1000,spots,10.0,1000.0,13.82,1558.185
5706895,0.865,0.947,6071.0,13.625,spots-P10d-A1000,spots,10.0,1000.0,8.119,668.495
9203304,1.006,1.066,6296.0,12.729,spots-P10d-A1000,spots,10.0,1000.0,10.492,1619.31
5768459,1.468,0.934,5790.0,12.271,spots-P10d-A1000,spots,10.0,1000.0,7.792,1502.005
4280487,1.195,1.026,6351.0,13.769,spots-P10d-A1000,spots,10.0,1000.0,12.26,598.95
11286857,1.126,1.001,6187.0,13.976,spots-P10d-A1000,spots,10.0,1000.0,11.337,1143.29
6306827,1.317,0.986,5751.0,13.849,spots-P10d-A1000,spots,10.0,1000.0,13.221,797.75
6705286,1.391,1.226,6309.0,13.836,spots-P10d-A1000,spots,10.0,1000.0,7.72,664.575
8958682,0.857,0.945,5973.0,11.631,spots-P10d-A1000,spots,10.0,1000.0,11.167,1209.335
5808571,1.18,0.982,6083.0,13.046,spots-P10d-A1000,spots,10.0,1000.0,10.554,554.77
9467342,0.566,0.552,4201.0,13.157,spots-P10d-A1000,spots,10.0,1000.0,13.242,638.5
5876824,1.105,1.079,6113.0,12.163,spots-P10d-A1000,spots,10.0,1000.0,9.668,1673.34
11141026,0.809,0.907,5497.0,13.724,spots-P10d-A1000,spots,10.0,1000.0,5.371,611.545
8618399,1.771,1.164,6293.0,13.377,spots-P10d-A1000,spots,10.0,1000.0,11.544,835.655
6139835,1.193,1.08,5952.0,13.853,spots-P10d-A1000,spots,10.0,1000.0,10.128,1301.975
8941261,0.97,1.05,6061.0,11.362,spots-P30d-A100,spots,30.0,100.0,21.781,129.255
10677831,1.525,1.029,6061.0,11.064,spots-P30d-A100,spots,30.0,100.0,21.0,159.935
8677016,1.32,1.087,6105.0,11.215,spots-P30d-A100,spots,30.0,100.0,29.887,166.67
7611858,1.494,1.043,5821.0,11.187,spots-P30d-A100,spots,30.0,100.0,25.21,169.74
4072179,1.34,1.069,6221.0,13.696,spots-P30d-A300,spots,30.0,300.0,23.746,548.75
7457546,1.401,1.035,5912.0,13.233,spots-P30d-A300,spots,30.0,300.0,24.215,363.62
1718828,1.333,1.038,6372.0,11.529,spots-P30d-A300,spots,30.0,300.0,22.069,300.32
10916765,1.117,1.047,6418.0,13.152,spots-P30d-A300,spots,30.0,300.0,20.403,349.97
6947848,1.115,0.964,6369.0,13.425,spots-P30d-A300,spots,30.0,300.0,17.904,523.24
10319548,1.047,0.94,5959.0,13.539,spots-P30d-A300,spots,30.0,300.0,20.451,409.885
11605941,1.287,1.249,6337.0,11.47,spots-P30d-A300,spots,30.0,300.0,20.927,526.59
10063806,1.038,1.1,6184.0,13.024,spots-P30d-A300,spots,30.0,300.0,21.601,508.07
8414685,0.833,0.736,5619.0,13.338,spots-P30d-A300,spots,30.0,300.0,23.106,446.59
10918030,0.829,0.923,5726.0,13.983,spots-P30d-A300,spots,30.0,300.0,20.771,447.54
8896468,1.243,0.946,6426.0,11.328,spots-P30d-A300,spots,30.0,300.0,22.152,233.055
10351691,1.511,1.08,6084.0,13.177,spots-P30d-A300,spots,30.0,300.0,16.337,336.795
9906553,1.382,0.959,5422.0,12.783,spots-P30d-A300,spots,30.0,300.0,39.788,269.83
9279666,0.894,0.987,5868.0,13.31,spots-P30d-A300,spots,30.0,300.0,32.526,441.73
8355308,1.742,1.182,6115.0,12.802,spots-P30d-A300,spots,30.0,300.0,15.867,515.535
6265041,1.242,0.953,5825.0,13.374,spots-P30d-A300,spots,30.0,300.0,18.586,440.15
7763661,1.066,1.059,6042.0,13.849,spots-P30d-A300,spots,30.0,300.0,18.605,532.745
3852175,1.345,1.101,6245.0,13.126,spots-P30d-A300,spots,30.0,300.0,18.614,548.945
7432354,1.115,1.014,6266.0,12.368,spots-P30d-A300,spots,30.0,300.0,24.059,545.085
6952979,1.004,0.902,5762.0,13.591,spots-P30d-A300,spots,30.0,300.0,25.286,464.545
10090467,1.632,0.985,5964.0,12.807,spots-P30d-A300,spots,30.0,300.0,43.637,326.365
5985398,1.317,0.891,5951.0,11.65,spots-P30d-A300,spots,30.0,300.0,15.33,222.8
5282827,1.039,0.924,5747.0,11.427,spots-P30d-A300,spots,30.0,300.0,29.993,520.525
7819337,1.136,0.956,5538.0,13.47,spots-P30d-A300,spots,30.0,300.0,35.034,470.7
4277595,1.474,1.01,5938.0,13.436,spots-P30d-A300,spots,30.0,300.0,18.952,375.27
12454486,0.82,0.885,5989.0,13.538,spots-P30d-A300,spots,30.0,300.0,20.882,494.765
9273544,1.446,0.993,5997.0,11.003,spots-P30d-A300,spots,30.0,300.0,35.321,311.525
8766982,0.877,0.833,6032.0,12.18,spots-P30d-A300,spots,30.0,300.0,15.683,536.98
8479646,1.222,1.007,6372.0,13.409,spots-P30d-A300,spots,30.0,300.0,18.361,438.57
9724175,1.559,1.125,6398.0,12.139,spots-P30d-A300,spots,30.0,300.0,19.118,356.795
10529379,1.102,0.947,5918.0,13.394,spots-P30d-A1000,spots,30.0,1000.0,19.058,1256.2
8165389,1.288,0.996,5613.0,13.409,spots-P30d-A1000,spots,30.0,1000.0,28.577,1405.505
5685838,0.904,0.991,5997.0,13.331,spots-P30d-A1000,spots,30.0,1000.0,20.24,831.01
8366011,1.03,1.132,6108.0,13.992,spots-P30d-A1000,spots,30.0,1000.0,18.596,833.915
10014787,1.101,1.06,6015.0,13.297,spots-P30d-A1000,spots,30.0,1000.0,15.488,1342.415
9773581,1.328,1.019,5593.0,13.035,spots-P30d-A1000,spots,30.0,1000.0,29.437,1464.055
11499205,1.02,0.934,5833.0,13.854,spots-P30d-A1000,spots,30.0,1000.0,18.295,1309.9
11190412,0.661,0.653,4562.0,13.529,spots-P30d-A1000,spots,30.0,1000.0,36.076,1391.77
10329365,0.659,0.641,4923.0,13.055,spots-P30d-A1000,spots,30.0,1000.0,21.781,1081.29
6675936,0.875,0.918,5609.0,12.927,spots-P30d-A1000,spots,30.0,1000.0,20.395,1431.465
9150143,0.966,0.848,5511.0,13.73,spots-P30d-A1000,spots,30.0,1000.0,27.513,1350.345
8881282,0.767,0.74,4920.0,13.966,spots-P30d-A1000,spots,30.0,1000.0,30.015,1106.8
7815970,0.845,0.928,6049.0,13.818,spots-P30d-A1000,spots,30.0,1000.0,16.755,925.185
9472645,0.856,0.809,4818.0,13.886,spots-P30d-A1000,spots,30.0,1000.0,39.12,1409.41
11461190,0.936,0.991,6227.0,13.774,spots-P30d-A1000,spots,30.0,1000.0,16.285,1111.985
5887703,0.781,0.895,5112.0,13.696,spots-P30d-A1000,spots,30.0,1000.0,39.632,1546.07
10977193,0.956,0.955,5325.0,13.107,spots-P30d-A1000,spots,30.0,1000.0,23.703,820.845
11516240,1.131,1.162,6461.0,12.98,spots-P30d-A1000,spots,30.0,1000.0,15.009,760.585
10487620,0.632,0.622,5211.0,13.998,spots-P30d-A1000,spots,30.0,1000.0,31.924,1038.105
12251956,0.69,0.667,4963.0,13.468,spots-P30d-A1000,spots,30.0,1000.0,34.785,1006.41
7336173,1.381,0.951,5889.0,12.986,spots-P30d-A1000,spots,30.0,1000.0,37.974,607.67
6110816,1.323,0.881,5562.0,13.244,spots-P30d-A1000,spots,30.0,1000.0,22.197,1384.765
12061857,0.897,0.992,5838.0,13.5,spots-P30d-A1000,spots,30.0,1000.0,15.844,1684.935
9108998,0.717,0.68,5260.0,13.893,spots-P30d-A1000,spots,30.0,1000.0,28.565,659.255
3541121,0.747,0.849,5679.0,13.653,spots-P30d-A1000,spots,30.0,1000.0,28.126,564.53
11153064,0.869,0.814,5475.0,13.945,spots-P30d-A1000,spots,30.0,1000.0,28.374,1660.54
10904269,1.152,0.888,5485.0,11.953,spots-P30d-A1000,spots,30.0,1000.0,31.805,1485.555
10747044,0.774,0.724,5240.0,12.109,spots-P30d-A1000,spots,30.0,1000.0,31.744,1069.25
11135734,0.921,1.008,6351.0,13.62,spots-P30d-A1000,spots,30.0,1000.0,22.661,612.305
8223872,1.044,1.015,5706.0,11.549,spots-P30d-A1000,spots,30.0,1000.0,20.873,1114.025
9775385,2.015,1.665,7675.0,11.069,dsct,dsct,0.0,0.0,,
8330740,2.096,1.789,7996.0,13.118,dsct,dsct,0.0,0.0,,
4071949,1.691,1.467,7076.0,13.498,dsct,dsct,0.0,0.0,,
8376471,2.486,1.781,7261.0,13.425,dsct,dsct,0.0,0.0,,
9655444,3.105,1.905,7663.0,11.692,dsct,dsct,0.0,0.0,,
3247039,2.481,1.76,7563.0,13.212,dsct,dsct,0.0,0.0,,
9369547,3.26,1.868,7244.0,12.375,dsct,dsct,0.0,0.0,,
9837659,3.701,2.164,7523.0,12.209,dsct,dsct,0.0,0.0,,
11232111,2.909,2.081,7843.0,12.354,dsct,dsct,0.0,0.0,,
7878789,3.443,2.005,7610.0,11.645,dsct,dsct,0.0,0.0,,
2998561,2.365,1.756,7426.0,11.569,dsct,dsct,0.0,0.0,,
8351778,1.957,1.573,7435.0,13.136,dsct,dsct,0.0,0.0,,
10783150,2.337,1.744,7571.0,13.122,dsct,dsct,0.0,0.0,,
8104598,1.393,1.258,6557.0,12.055,dsct,dsct,0.0,0.0,,
10741920,3.251,2.046,8048.0,12.478,dsct,dsct,0.0,0.0,,
6619377,1.192,1.213,6571.0,12.91,dsct,dsct,0.0,0.0,,
5389234,1.613,1.429,7223.0,12.539,dsct,dsct,0.0,0.0,,
6922830,1.965,1.64,7313.0,13.348,dsct,dsct,0.0,0.0,,
8625580,1.633,1.526,7187.0,13.472,dsct,dsct,0.0,0.0,,
8264550,3.089,2.024,8423.0,11.922,dsct,dsct,0.0,0.0,,
11656492,2.691,2.201,8552.0,12.577,dsct,dsct,0.0,0.0,,
4042590,1.94,1.507,7299.0,11.038,dsct,dsct,0.0,0.0,,
6032172,1.924,1.562,7596.0,12.781,dsct,dsct,0.0,0.0,,
8052353,3.495,1.684,6958.0,11.111,dsct,dsct,0.0,0.0,,
9588953,1.87,1.491,7281.0,11.809,dsct,dsct,0.0,0.0,,
6464938,5.299,2.231,7631.0,11.538,dsct,dsct,0.0,0.0,,
9425897,1.954,1.572,7277.0,11.873,dsct,dsct,0.0,0.0,,
3240231,1.748,1.501,7318.0,12.864,dsct,dsct,0.0,0.0,,
9137447,2.023,1.666,7914.0,13.79,dsct,dsct,0.0,0.0,,
3239508,2.357,1.849,8209.0,13.562,dsct,dsct,0.0,0.0,,
5892969,3.073,1.977,7561.0,12.445,dsct,dsct,0.0,0.0,,
9093266,2.073,1.681,7423.0,11.8,dsct,dsct,0.0,0.0,,
9655501,2.496,1.89,7952.0,12.44,dsct,dsct,0.0,0.0,,
6877609,2.35,1.751,7466.0,12.844,dsct,dsct,0.0,0.0,,
11415556,2.224,1.718,7694.0,12.508,dsct,dsct,0.0,0.0,,
5300719,4.459,1.776,6513.0,12.956,dsct,dsct,0.0,0.0,,
11623878,1.666,1.313,6635.0,12.347,dsct,dsct,0.0,0.0,,
6791090,1.184,1.181,6670.0,12.268,dsct,dsct,0.0,0.0,,
9094694,1.66,1.324,7006.0,12.19,dsct,dsct,0.0,0.0,,
8345453,2.085,1.784,8066.0,13.911,dsct,dsct,0.0,0.0,,
11624191,1.458,1.488,6942.0,12.958,dsct,dsct,0.0,0.0,,
9489626,1.914,1.267,6777.0,12.515,dsct,dsct,0.0,0.0,,
11548888,2.017,1.657,7016.0,13.983,dsct,dsct,0.0,0.0,,
5950759,2.08,1.784,8038.0,13.964,dsct,dsct,0.0,0.0,,
9207344,2.576,2.219,8759.0,13.159,dsct,dsct,0.0,0.0,,
5036037,3.109,2.15,7872.0,11.581,dsct,dsct,0.0,0.0,,
1577912,2.39,1.853,8220.0,11.097,dsct,dsct,0.0,0.0,,
7767699,3.299,2.067,8226.0,11.881,dsct,dsct,0.0,0.0,,
3641023,2.086,1.779,8466.0,12.481,dsct,dsct,0.0,0.0,,
4043227,1.732,1.376,7504.0,12.735,dsct,dsct,0.0,0.0,,
12067780,3.786,2.593,8729.0,12.738,dsct,dsct,0.0,0.0,,
8650819,2.753,1.794,7355.0,13.149,dsct,dsct,0.0,0.0,,
8571529,3.077,1.862,7615.0,12.766,dsct,dsct,0.0,0.0,,
4481426,3.18,2.498,9046.0,11.939,dsct,dsct,0.0,0.0,,
10071056,2.082,1.685,7707.0,13.355,dsct,dsct,0.0,0.0,,
5038469,2.773,2.333,8939.0,12.103,dsct,dsct,0.0,0.0,,
10686752,2.389,1.754,7495.0,11.293,dsct,dsct,0.0,0.0,,
5903062,2.143,1.62,7311.0,12.405,dsct,dsct,0.0,0.0,,
7938180,1.407,1.215,6549.0,13.617,dsct,dsct,0.0,0.0,,
5381448,2.219,1.826,7746.0,12.134,dsct,dsct,0.0,0.0,,
