cell,var_kind,var_period_d,var_amp_ppm,n_stars,detrend,pred,pred_lo68,pred_hi68
spots-P10d-A100,spots,10.0,100.0,8,biweight-0.25,0.7368421052631579,0.6893645693131688,0.7793854306868312
spots-P10d-A100,spots,10.0,100.0,8,biweight-0.5,0.9894736842105264,0.9727779528675192,0.9959720471324808
spots-P10d-A100,spots,10.0,100.0,8,biweight-1.0,1.0,0.9895833333333331,1.0
spots-P10d-A100,spots,10.0,100.0,8,biweight-2.0,1.0,0.9895833333333331,1.0
spots-P10d-A100,spots,10.0,100.0,8,none,0.031578947368421,0.0179551453868932,0.0549615212797734
spots-P10d-A100,spots,10.0,100.0,8,prewhiten+biweight-1.0,1.0,0.9895833333333331,1.0
spots-P10d-A1000,spots,10.0,1000.0,30,biweight-0.25,0.7227722772277227,0.6762124937655014,0.7649639768227339
spots-P10d-A1000,spots,10.0,1000.0,30,biweight-0.5,0.9801980198019802,0.9609143130264876,0.9900660791303753
spots-P10d-A1000,spots,10.0,1000.0,30,biweight-1.0,0.99009900990099,0.974376496780034,0.9962117385140836
spots-P10d-A1000,spots,10.0,1000.0,30,biweight-2.0,0.0,0.0,0.0098039215686274
spots-P10d-A1000,spots,10.0,1000.0,30,none,0.0,0.0,0.0098039215686274
spots-P10d-A1000,spots,10.0,1000.0,30,prewhiten+biweight-1.0,1.0,0.9901960784313726,1.0
spots-P10d-A300,spots,10.0,300.0,30,biweight-0.25,0.7263157894736842,0.6783930535847436,0.7695236130819232
spots-P10d-A300,spots,10.0,300.0,30,biweight-0.5,1.0,0.9895833333333331,1.0
spots-P10d-A300,spots,10.0,300.0,30,biweight-1.0,1.0,0.9895833333333331,1.0
spots-P10d-A300,spots,10.0,300.0,30,biweight-2.0,0.968421052631579,0.9450384787202264,0.9820448546131068
spots-P10d-A300,spots,10.0,300.0,30,none,0.0,0.0,0.0104166666666666
spots-P10d-A300,spots,10.0,300.0,30,prewhiten+biweight-1.0,1.0,0.9895833333333331,1.0
spots-P1d-A100,spots,1.0,100.0,1,biweight-0.25,0.4117647058823529,0.3641205214834169,0.461122196963185
spots-P1d-A100,spots,1.0,100.0,1,biweight-0.5,0.0,0.0,0.0097087378640776
spots-P1d-A100,spots,1.0,100.0,1,biweight-1.0,0.0,0.0,0.0097087378640776
spots-P1d-A100,spots,1.0,100.0,1,biweight-2.0,0.0,0.0,0.0097087378640776
spots-P1d-A100,spots,1.0,100.0,1,none,0.0,0.0,0.0097087378640776
spots-P1d-A100,spots,1.0,100.0,1,prewhiten+biweight-1.0,0.6666666666666666,0.6185714996234787,0.711525587755162
spots-P1d-A1000,spots,1.0,1000.0,30,biweight-0.25,0.0,0.0,0.0095238095238095
spots-P1d-A1000,spots,1.0,1000.0,30,biweight-0.5,0.0,0.0,0.0095238095238095
spots-P1d-A1000,spots,1.0,1000.0,30,biweight-1.0,0.0,0.0,0.0095238095238095
spots-P1d-A1000,spots,1.0,1000.0,30,biweight-2.0,0.0,0.0,0.0095238095238095
spots-P1d-A1000,spots,1.0,1000.0,30,none,0.0,0.0,0.0095238095238095
spots-P1d-A1000,spots,1.0,1000.0,30,prewhiten+biweight-1.0,0.0,0.0,0.0095238095238095
spots-P1d-A300,spots,1.0,300.0,30,biweight-0.25,0.0,0.0,0.0095238095238095
spots-P1d-A300,spots,1.0,300.0,30,biweight-0.5,0.0,0.0,0.0095238095238095
spots-P1d-A300,spots,1.0,300.0,30,biweight-1.0,0.0,0.0,0.0095238095238095
spots-P1d-A300,spots,1.0,300.0,30,biweight-2.0,0.0,0.0,0.0095238095238095
spots-P1d-A300,spots,1.0,300.0,30,none,0.0,0.0,0.0095238095238095
spots-P1d-A300,spots,1.0,300.0,30,prewhiten+biweight-1.0,0.0,0.0,0.0095238095238095
spots-P30d-A100,spots,30.0,100.0,4,biweight-0.25,0.6923076923076923,0.6420532999036914,0.7383814827050041
spots-P30d-A100,spots,30.0,100.0,4,biweight-0.5,0.989010989010989,0.9715966445115326,0.9957946598362936
spots-P30d-A100,spots,30.0,100.0,4,biweight-1.0,1.0,0.9891304347826086,1.0
spots-P30d-A100,spots,30.0,100.0,4,biweight-2.0,1.0,0.9891304347826086,1.0
spots-P30d-A100,spots,30.0,100.0,4,none,0.3956043956043956,0.3457468016093982,0.4477314592601669
spots-P30d-A100,spots,30.0,100.0,4,prewhiten+biweight-1.0,1.0,0.9891304347826086,1.0
spots-P30d-A1000,spots,30.0,1000.0,30,biweight-0.25,0.723404255319149,0.675098890369843,0.7670063727880517
spots-P30d-A1000,spots,30.0,1000.0,30,biweight-0.5,0.9893617021276596,0.9724919344055968,0.9959291182259822
spots-P30d-A1000,spots,30.0,1000.0,30,biweight-1.0,1.0,0.9894736842105262,1.0
spots-P30d-A1000,spots,30.0,1000.0,30,biweight-2.0,1.0,0.9894736842105262,1.0
spots-P30d-A1000,spots,30.0,1000.0,30,none,0.0,0.0,0.0105263157894736
spots-P30d-A1000,spots,30.0,1000.0,30,prewhiten+biweight-1.0,1.0,0.9894736842105262,1.0
spots-P30d-A300,spots,30.0,300.0,30,biweight-0.25,0.6666666666666666,0.6135373005854906,0.7158744641203917
spots-P30d-A300,spots,30.0,300.0,30,biweight-0.5,0.988095238095238,0.9692623849349604,0.9954434974179808
spots-P30d-A300,spots,30.0,300.0,30,biweight-1.0,1.0,0.9882352941176472,1.0
spots-P30d-A300,spots,30.0,300.0,30,biweight-2.0,1.0,0.9882352941176472,1.0
spots-P30d-A300,spots,30.0,300.0,30,none,0.0119047619047619,0.0045565025820191,0.0307376150650396
spots-P30d-A300,spots,30.0,300.0,30,prewhiten+biweight-1.0,1.0,0.9882352941176472,1.0
spots-P3d-A100,spots,3.0,100.0,3,biweight-0.25,0.6991869918699187,0.6563647985338759,0.7387964917887049
spots-P3d-A100,spots,3.0,100.0,3,biweight-0.5,0.983739837398374,0.9678296738981246,0.9918477454567142
spots-P3d-A100,spots,3.0,100.0,3,biweight-1.0,0.6260162601626016,0.581536262103532,0.668463737896468
spots-P3d-A100,spots,3.0,100.0,3,biweight-2.0,0.0,8.673617379884035e-19,0.0080645161290322
spots-P3d-A100,spots,3.0,100.0,3,none,0.008130081300813,0.0031097405278192,0.0210838078592774
spots-P3d-A100,spots,3.0,100.0,3,prewhiten+biweight-1.0,0.991869918699187,0.9789161921407226,0.9968902594721808
spots-P3d-A1000,spots,3.0,1000.0,30,biweight-0.25,0.2777777777777778,0.2332033053003903,0.3272362551391701
spots-P3d-A1000,spots,3.0,1000.0,30,biweight-0.5,0.0,0.0,0.0109890109890109
spots-P3d-A1000,spots,3.0,1000.0,30,biweight-1.0,0.0,0.0,0.0109890109890109
spots-P3d-A1000,spots,3.0,1000.0,30,biweight-2.0,0.0,0.0,0.0109890109890109
spots-P3d-A1000,spots,3.0,1000.0,30,none,0.0,0.0,0.0109890109890109
spots-P3d-A1000,spots,3.0,1000.0,30,prewhiten+biweight-1.0,0.0,0.0,0.0109890109890109
spots-P3d-A300,spots,3.0,300.0,30,biweight-0.25,0.7272727272727273,0.6804058707492078,0.7695941292507922
spots-P3d-A300,spots,3.0,300.0,30,biweight-0.5,0.7171717171717171,0.6699103026392856,0.7600896973607143
spots-P3d-A300,spots,3.0,300.0,30,biweight-1.0,0.0,8.673617379884035e-19,0.0099999999999999
spots-P3d-A300,spots,3.0,300.0,30,biweight-2.0,0.0,8.673617379884035e-19,0.0099999999999999
spots-P3d-A300,spots,3.0,300.0,30,none,0.0,8.673617379884035e-19,0.0099999999999999
spots-P3d-A300,spots,3.0,300.0,30,prewhiten+biweight-1.0,0.4343434343434343,0.3854286046966274,0.4845713953033726
