star_id,radius,mass,teff,kepmag,cdpp6_ppm
1026911,1.412,1.097,6191.0,12.422,37.721
1868918,1.143,1.05,6054.0,11.564,26.322
2580928,1.433,0.978,6052.0,11.359,29.857
2974865,1.505,1.05,6324.0,12.057,31.101
3217253,1.0,0.0,5780.0,12.011,34.133
3534307,1.382,0.884,5683.0,11.341,26.542
4138978,1.312,1.044,6308.0,11.103,19.565
4173119,0.59,0.596,4740.0,12.477,31.439
4265107,1.465,1.094,6133.0,11.897,29.094
4345425,0.935,0.777,5675.0,11.804,27.152
4359341,1.429,1.315,6441.0,12.738,33.796
4360545,1.284,1.075,5746.0,12.618,35.414
4465341,0.833,0.791,5370.0,12.652,38.386
4483769,1.24,0.974,6119.0,11.405,36.793
4551095,1.255,0.988,5989.0,12.34,35.21
4572102,1.394,0.902,5734.0,11.474,29.364
4645070,1.341,1.022,6106.0,12.115,31.643
4645961,0.913,0.743,5956.0,11.563,23.489
4661440,0.984,0.986,6160.0,12.02,25.003
4725764,1.523,1.119,6313.0,12.438,32.456
4742909,0.979,0.919,5923.0,12.84,35.647
4907266,1.366,1.179,5962.0,12.29,31.464
4934444,0.907,0.855,5539.0,12.82,36.686
4994537,1.035,0.932,6158.0,11.542,33.508
5195040,1.436,1.009,6028.0,12.229,30.928
5344121,0.775,0.807,5039.0,11.213,28.787
5351968,0.789,0.885,5383.0,12.922,38.744
5437226,0.971,0.97,6202.0,12.858,34.95
5543462,1.275,0.985,6022.0,11.113,24.013
5603762,1.031,0.89,6493.0,12.194,31.904
5689624,1.088,0.965,6266.0,12.449,31.048
5772918,1.33,1.094,6257.0,12.657,33.134
5781747,1.239,0.867,5696.0,12.794,32.37
5853829,1.292,1.044,5768.0,11.459,32.283
5856907,0.894,0.821,5223.0,12.711,36.0
5859626,1.06,1.045,6054.0,12.352,34.279
5867097,0.907,0.989,5952.0,12.762,33.794
5867284,0.946,0.947,6251.0,11.059,18.304
5979075,0.894,0.918,5417.0,12.072,21.73
6104307,1.428,1.012,5923.0,12.404,32.628
6104897,1.238,0.87,5600.0,12.954,37.901
6181648,1.096,0.786,5878.0,12.263,37.185
6225172,1.28,1.011,5912.0,12.362,32.099
6271307,1.354,1.057,6299.0,12.818,35.436
6294176,1.267,1.064,6141.0,12.32,29.598
6382374,1.233,0.972,5738.0,12.512,32.347
6385671,0.987,0.864,5274.0,12.023,30.207
6424801,0.864,0.843,6293.0,11.762,22.923
6446638,0.869,0.847,5571.0,11.681,34.687
6467256,1.345,0.88,5607.0,11.928,32.633
6511785,1.062,1.104,6427.0,11.97,34.177
6599635,1.104,0.996,6321.0,12.326,31.611
6609876,0.978,0.84,5992.0,12.169,31.154
6611022,0.987,0.973,6221.0,12.48,32.994
6670623,1.011,1.013,6266.0,11.842,24.191
6705292,0.704,0.678,5013.0,12.408,36.257
6762366,1.111,1.036,6447.0,12.68,33.332
6777146,1.044,0.873,6103.0,11.279,27.363
6792851,1.107,0.994,6039.0,12.986,37.102
6842062,1.529,1.104,6254.0,12.663,35.401
6877517,0.884,0.882,5858.0,12.956,37.566
6888907,1.149,0.898,6187.0,11.548,22.972
6933804,1.258,1.131,6180.0,12.047,33.002
6937369,0.936,0.949,6207.0,11.761,22.936
6953275,1.452,1.206,6425.0,11.964,27.436
7023269,1.481,1.165,6086.0,12.097,35.853
7051953,1.327,0.924,5786.0,12.928,33.725
7135676,0.868,0.943,5799.0,12.053,25.563
7135861,1.324,1.201,6200.0,12.367,31.099
7137148,1.428,1.015,6198.0,12.359,37.593
7183687,1.06,0.978,6266.0,12.756,35.901
7192092,1.408,1.041,6443.0,11.473,21.506
7201740,0.893,0.914,5708.0,12.272,32.395
7221021,0.923,1.005,6072.0,12.709,33.635
7341363,1.281,1.046,6258.0,11.526,30.593
7429433,0.906,0.754,5706.0,12.699,39.041
7450496,1.042,1.04,6064.0,12.433,33.576
7510551,0.85,0.821,5834.0,12.865,34.975
7592529,1.09,1.05,5900.0,11.649,24.797
7597446,1.04,0.842,5807.0,11.415,19.869
7597789,1.54,1.11,5973.0,11.392,22.601
7611858,1.494,1.043,5821.0,11.187,25.382
7619233,0.68,0.657,4996.0,11.704,29.553
7661871,1.404,1.015,5749.0,12.054,27.781
7669358,0.797,0.829,5119.0,12.233,38.634
7671118,1.034,0.98,6108.0,12.686,33.932
7740913,0.83,0.793,5714.0,12.454,29.48
7750941,1.265,0.945,6309.0,12.415,29.873
7815937,1.394,0.943,6178.0,11.615,34.177
7875020,1.223,0.832,5762.0,11.302,23.413
7882418,0.886,0.882,6004.0,12.854,36.745
7906811,1.0,0.972,5925.0,11.867,30.423
7940316,0.962,0.904,5443.0,11.834,30.439
7948924,1.436,1.131,6389.0,12.211,38.425
7950648,1.248,1.141,6334.0,12.854,34.56
7951271,1.032,1.084,6319.0,12.03,26.157
8029850,1.689,1.324,6363.0,11.499,20.865
8051543,1.098,0.887,5706.0,11.448,31.392
8146196,1.131,1.162,6461.0,12.145,27.455
8163886,1.492,1.185,6490.0,12.754,38.556
8181646,0.736,0.824,5486.0,11.963,35.173
8282602,1.088,0.919,5948.0,12.219,29.326
8311102,0.83,0.868,5391.0,11.828,24.009
8374741,0.917,0.876,5780.0,11.678,24.23
8430283,0.987,0.803,5791.0,12.531,36.691
8446948,1.293,0.921,5733.0,11.73,28.736
8453037,1.006,0.818,5584.0,11.618,23.41
8510191,0.923,0.922,6164.0,12.705,34.737
8570901,1.005,1.068,5813.0,12.435,34.222
8574677,0.74,0.688,5513.0,12.277,34.91
8613293,1.221,1.078,6286.0,12.751,37.078
8677016,1.32,1.087,6105.0,11.215,22.378
8685279,0.833,0.748,5601.0,11.817,26.777
8736984,1.009,0.876,5984.0,12.21,26.061
8740238,0.778,0.722,5530.0,11.144,21.396
8752225,1.281,1.055,6211.0,12.485,36.638
8798577,1.249,1.07,6398.0,11.84,24.106
8824461,1.433,1.213,6470.0,12.666,37.288
8935630,1.319,1.024,5895.0,12.103,30.421
8937208,1.054,1.133,5995.0,12.964,35.531
8963892,1.4,0.96,6211.0,12.049,35.387
8964174,1.041,0.823,5623.0,12.584,32.246
9137651,0.986,1.008,6018.0,11.275,28.54
9142162,1.176,0.928,6267.0,12.159,25.79
9328683,1.448,1.004,5959.0,11.917,33.248
9344010,0.606,0.6,4967.0,11.754,24.085
9452119,0.989,1.056,6109.0,12.413,27.978
9512417,0.891,0.941,5838.0,12.831,34.339
9514043,1.29,0.959,6254.0,11.167,30.699
9514103,1.421,0.964,6008.0,11.939,29.541
9576188,1.063,0.942,6198.0,12.706,36.095
9630550,1.397,1.063,6319.0,11.699,24.934
9723723,1.294,1.179,5963.0,12.342,31.856
9765768,0.902,0.814,5438.0,12.407,30.717
9814619,0.97,0.86,6049.0,11.232,20.945
9814643,1.043,0.865,5811.0,12.727,35.087
9821990,1.153,1.031,6376.0,12.858,33.269
9825256,1.261,0.957,5962.0,12.313,30.292
9844419,1.019,0.894,5619.0,12.78,34.34
9884237,0.959,1.006,6117.0,12.798,36.031
9887784,1.127,1.033,6459.0,12.235,28.864
9940978,1.547,1.14,6238.0,11.018,18.915
10057620,0.791,0.748,5667.0,11.68,29.604
10057661,1.081,0.936,6085.0,11.366,21.345
10065944,0.914,0.947,5619.0,12.755,34.436
10073817,0.962,1.018,6001.0,12.659,33.794
10088111,0.795,0.746,5177.0,12.066,31.946
10147755,0.823,0.726,5615.0,12.906,35.465
10222858,1.587,1.215,6317.0,12.407,31.302
10330629,0.867,0.869,5471.0,12.209,26.849
10395363,1.298,1.08,6260.0,11.378,24.527
10452471,1.14,0.902,5806.0,11.195,20.655
10464113,0.707,0.674,5237.0,11.963,23.04
10471235,1.444,0.961,5855.0,12.634,36.569
10554116,1.228,0.992,5940.0,11.15,24.985
10556420,1.161,0.913,5899.0,11.401,21.621
10579554,0.642,0.63,5220.0,11.126,30.11
10644651,1.445,0.968,5701.0,11.231,30.213
10718976,1.179,0.866,5592.0,11.137,20.551
10724823,1.055,0.935,5862.0,12.948,36.047
10747044,0.774,0.724,5240.0,12.109,37.599
10777589,1.153,0.923,6250.0,12.164,33.291
10788887,1.676,1.325,6325.0,11.184,28.232
10797342,0.875,0.873,5783.0,12.63,33.079
10802444,1.178,1.04,6240.0,11.265,34.565
10843970,1.629,1.299,6190.0,11.817,34.759
10866328,1.396,1.195,6294.0,11.677,21.331
10876186,1.376,0.871,5571.0,12.126,30.133
11032264,1.066,1.028,6225.0,12.892,38.568
11145230,1.015,0.943,5533.0,12.329,28.948
11180222,1.248,0.779,6234.0,11.933,28.026
11188219,1.318,1.068,5866.0,11.05,22.229
11190538,0.962,1.057,5817.0,11.999,29.058
11236253,0.72,0.675,5616.0,12.035,26.048
11285206,1.328,1.199,6281.0,11.437,25.808
11390592,1.202,1.009,5984.0,11.562,38.735
11395188,0.628,0.619,5130.0,12.623,33.455
11404785,1.516,1.147,6204.0,12.388,28.87
11444012,1.275,1.03,6332.0,11.9,36.45
11447536,0.927,0.798,5496.0,12.421,33.958
11455642,1.308,1.138,6447.0,11.655,25.915
11507863,1.122,1.213,6202.0,11.964,30.442
11550629,1.158,0.796,6124.0,11.555,25.069
11554175,1.138,1.124,6419.0,11.876,30.291
11611030,1.338,0.998,6332.0,12.666,31.403
11623743,0.817,0.727,5556.0,11.189,24.431
11652344,1.286,0.943,5957.0,12.207,28.632
11667008,1.123,1.023,6165.0,11.621,27.842
11669475,1.08,0.926,5534.0,11.877,25.587
11671323,1.223,1.03,6117.0,11.306,23.772
11704739,1.092,1.046,5672.0,11.578,25.18
11723091,1.149,1.0,6130.0,12.185,28.91
11757564,0.838,0.793,5335.0,12.694,36.943
11911293,1.302,1.038,6194.0,12.116,26.282
11920665,1.419,1.057,6365.0,11.608,36.375
12067299,1.562,1.273,6405.0,12.502,37.569
12107925,1.382,1.188,6310.0,11.837,31.147
12122091,1.156,1.043,6022.0,11.718,31.716
12254588,1.125,1.029,6127.0,11.236,20.594
12555431,1.019,1.026,5949.0,12.531,26.122
