# Real star spectrum from the Sloan Digital Sky Survey (SDSS DR17), plate 2904, MJD 54574, fiber 109.
# SDSS classifies it as a K5 star. Funding for SDSS has been provided by the Alfred P. Sloan Foundation and partners; see sdss.org.
# Columns: wavelength in angstroms, flux in 1e-17 erg/s/cm^2/angstrom.
wavelength_angstrom,flux
3801.02,47.7948
3801.89,70.4756
3802.77,93.1479
3803.64,103.6705
3804.52,106.0791
3805.40,96.9081
3806.27,79.0926
3807.15,57.3949
3808.03,40.6278
3808.90,60.3338
3809.78,87.0227
3810.66,109.6467
3811.54,112.5861
3812.41,97.6715
3813.29,71.5973
3814.17,53.7723
3815.05,43.1768
3815.93,28.7173
3816.81,33.9660
3817.68,49.4657
3818.56,68.6042
3819.44,69.9081
3820.32,42.9763
3821.20,19.5456
3822.08,31.1717
3822.96,54.7478
3823.84,50.5188
3824.72,35.4308
3825.60,25.5891
3826.48,32.5790
3827.37,35.9499
3828.25,40.9337
3829.13,41.8883
3830.01,42.1259
3830.89,47.2157
3831.78,48.8976
3832.66,39.9497
3833.54,39.8677
3834.42,35.4877
3835.31,47.9991
3836.19,48.6632
3837.07,54.8546
3837.96,48.2086
3838.84,38.0494
3839.72,39.9403
3840.61,36.1245
3841.49,35.6084
3842.38,48.7502
3843.26,62.6434
3844.15,66.9918
3845.03,73.8287
3845.92,75.5144
3846.80,72.3782
3847.69,74.2814
3848.58,76.8387
3849.46,65.4250
3850.35,52.8258
3851.23,54.0078
3852.12,62.1692
3853.01,66.8403
3853.90,64.7714
3854.78,57.5323
3855.67,54.2725
3856.56,50.3617
3857.45,42.7491
3858.34,46.3147
3859.22,41.9550
3860.11,30.9294
3861.00,33.4980
3861.89,48.9236
3862.78,55.2469
3863.67,65.6411
3864.56,69.6438
3865.45,61.8378
3866.34,64.7861
3867.23,65.8808
3868.12,71.9032
3869.01,69.6416
3869.90,68.3311
3870.79,62.0956
3871.68,58.9095
3872.58,55.2653
3873.47,55.1002
3874.36,66.2793
3875.25,76.3596
3876.14,78.0626
3877.04,65.5540
3877.93,56.9107
3878.82,52.4543
3879.72,52.1004
3880.61,61.7311
3881.50,69.3536
3882.40,65.0966
3883.29,60.4610
3884.19,64.7506
3885.08,70.4696
3885.97,49.0153
3886.87,40.4760
3887.76,41.5211
3888.66,53.9794
3889.56,62.5074
3890.45,75.0052
3891.35,97.7248
3892.24,101.4295
3893.14,99.7716
3894.04,90.3089
3894.93,82.6568
3895.83,73.2113
3896.73,74.2105
3897.62,79.4258
3898.52,76.9891
3899.42,65.7886
3900.32,55.0425
3901.22,66.0092
3902.11,79.8810
3903.01,70.8777
3903.91,73.6596
3904.81,72.7455
3905.71,67.6046
3906.61,65.3746
3907.51,73.9159
3908.41,93.4733
3909.31,104.4484
3910.21,98.3842
3911.11,107.2965
3912.01,105.1502
3912.91,106.5566
3913.81,107.7244
3914.71,99.3931
3915.61,107.0838
3916.52,113.1506
3917.42,99.5844
3918.32,93.3276
3919.22,79.7380
3920.13,72.0359
3921.03,65.2074
3921.93,64.7956
3922.83,56.7050
3923.74,56.5575
3924.64,63.9712
3925.55,68.0791
3926.45,67.3746
3927.35,59.1230
3928.26,56.6878
3929.16,49.9148
3930.07,39.8695
3930.97,38.5267
3931.88,36.4028
3932.78,35.9486
3933.69,36.5043
3934.59,34.5093
3935.50,36.3263
3936.41,39.1292
3937.31,47.3187
3938.22,55.2396
3939.13,61.4060
3940.03,69.0540
3940.94,70.1068
3941.85,67.2079
3942.76,61.1462
3943.67,50.7338
3944.57,44.8759
3945.48,55.2930
3946.39,69.5028
3947.30,82.0556
3948.21,78.8135
3949.12,77.4717
3950.03,86.8560
3950.94,101.3791
3951.85,105.9471
3952.76,100.3168
3953.67,103.5083
3954.58,105.8939
3955.49,108.9362
3956.40,90.9827
3957.31,82.7696
3958.22,84.0081
3959.13,81.9527
3960.04,67.9762
3960.96,52.3790
3961.87,46.2121
3962.78,43.6822
3963.69,49.8650
3964.61,55.4542
3965.52,58.3975
3966.43,49.0710
3967.35,45.7215
3968.26,42.5083
3969.17,40.0073
3970.09,41.7119
3971.00,43.9044
3971.92,55.8685
3972.83,62.6768
3973.75,68.6923
3974.66,75.8917
3975.58,86.1651
3976.49,90.6953
3977.41,94.5280
3978.32,105.5504
3979.24,118.1070
3980.16,124.6113
3981.07,129.0673
3981.99,117.4783
3982.90,117.5066
3983.82,121.2876
3984.74,126.1552
3985.66,129.3940
3986.58,131.9989
3987.49,139.1075
3988.41,145.0871
3989.33,138.9316
3990.25,131.3406
3991.17,129.6606
3992.09,148.3621
3993.01,154.6459
3993.92,155.7094
3994.85,151.7060
3995.76,149.2357
3996.69,141.6366
3997.61,125.4876
3998.53,121.1798
3999.45,130.9683
4000.37,152.5849
4001.29,160.6673
4002.21,168.7857
4003.13,175.0774
4004.05,164.4280
4004.98,137.5668
4005.90,115.8455
4006.82,118.8259
4007.74,143.1383
4008.67,160.5233
4009.59,160.8414
4010.51,161.2699
4011.44,170.9331
4012.36,178.2359
4013.28,177.6759
4014.21,175.0290
4015.13,174.3470
4016.06,175.4714
4016.98,174.2436
4017.91,165.3038
4018.83,170.3062
4019.76,183.6251
4020.68,187.4218
4021.61,175.8195
4022.54,175.6700
4023.46,175.4469
4024.39,166.5359
4025.32,161.9336
4026.24,168.0700
4027.17,174.5918
4028.10,187.5200
4029.03,180.3473
4029.95,153.0698
4030.88,118.6213
4031.81,92.7699
4032.74,83.7512
4033.67,80.8634
4034.59,84.1965
4035.53,110.0740
4036.45,143.6304
4037.38,181.9373
4038.31,200.6875
4039.24,198.8502
4040.17,187.7733
4041.10,170.7025
4042.03,167.4296
4042.96,164.3944
4043.90,144.7138
4044.83,113.4446
4045.76,78.7045
4046.69,73.5780
4047.62,92.2819
4048.55,121.5773
4049.49,149.6999
4050.42,176.0251
4051.35,189.4376
4052.29,188.9130
4053.22,184.8120
4054.15,179.3009
4055.09,172.3812
4056.02,170.4141
4056.95,165.6962
4057.89,154.3749
4058.82,141.6204
4059.76,156.8428
4060.69,168.4767
4061.63,162.4012
4062.56,137.2283
4063.50,100.5747
4064.43,89.9550
4065.37,108.6957
4066.31,137.9743
4067.24,140.6280
4068.18,155.0974
4069.11,163.3793
4070.05,163.7253
4070.99,138.3377
4071.93,107.4801
4072.86,108.2470
4073.80,136.3083
4074.74,165.2648
4075.68,166.8310
4076.62,151.1301
4077.56,133.4216
4078.50,131.5584
4079.43,151.5860
4080.37,176.3045
4081.31,193.8279
4082.25,202.3873
4083.19,195.2591
4084.13,182.6746
4085.08,178.1608
4086.02,178.0072
4086.96,205.0899
4087.90,226.8691
4088.84,247.7325
4089.78,245.1265
4090.72,226.7091
4091.67,212.5827
4092.61,204.1715
4093.55,208.7373
4094.49,212.4034
4095.43,193.7251
4096.38,169.8210
4097.32,157.1389
4098.27,160.1418
4099.21,164.5566
4100.15,159.2640
4101.10,145.5548
4102.04,142.3168
4102.99,154.2089
4103.93,160.8016
4104.88,170.2620
4105.82,179.3438
4106.77,191.3044
4107.71,194.8766
4108.66,190.1083
4109.60,180.2990
4110.55,171.0802
4111.50,161.6726
4112.44,157.6340
4113.39,173.2566
4114.34,188.2419
4115.28,190.1639
4116.23,187.0808
4117.18,198.8251
4118.13,190.2726
4119.08,174.0947
4120.03,172.1429
4120.98,181.0966
4121.92,183.1032
4122.87,177.1719
4123.82,189.5960
4124.77,208.4203
4125.72,219.2860
4126.67,208.7238
4127.62,192.2646
4128.57,185.6124
4129.52,180.6484
4130.47,170.9267
4131.43,154.0712
4132.38,131.4798
4133.33,118.5415
4134.28,131.4043
4135.23,155.0129
4136.19,176.6743
4137.14,186.1343
4138.09,192.3855
4139.04,195.9923
4140.00,202.1496
4140.95,200.0986
4141.90,173.1743
4142.86,127.3093
4143.81,92.0697
4144.77,98.7254
4145.72,132.4935
4146.68,158.8126
4147.63,167.2141
4148.58,179.7977
4149.54,176.4382
4150.50,175.5630
4151.45,179.6700
4152.41,177.5871
4153.36,171.7210
4154.32,158.3224
4155.28,159.0107
4156.23,162.9821
4157.19,172.3050
4158.15,176.4533
4159.11,182.6346
4160.06,188.3716
4161.02,198.0860
4161.98,212.2862
4162.94,223.9860
4163.90,221.9609
4164.86,202.3849
4165.81,189.1845
4166.78,175.5850
4167.73,168.3762
4168.69,169.3433
4169.65,182.8003
4170.61,187.0065
4171.57,167.4190
4172.53,144.1545
4173.50,141.7776
4174.46,145.2332
4175.42,153.0307
4176.38,157.6715
4177.34,166.1905
4178.30,178.4857
4179.27,194.0506
4180.23,202.1672
4181.19,191.0635
4182.15,171.2726
4183.12,166.1550
4184.08,177.3405
4185.04,190.1861
4186.01,186.1210
4186.97,162.3587
4187.94,144.2771
4188.90,158.8296
4189.86,174.6281
4190.83,178.1949
4191.80,174.8945
4192.76,188.7469
4193.73,204.9585
4194.69,202.8836
4195.66,188.5984
4196.62,168.0662
4197.59,154.5444
4198.56,136.1486
4199.52,130.6586
4200.49,132.6741
4201.46,132.1718
4202.43,130.8374
4203.39,142.6475
4204.36,166.4184
4205.33,188.8598
4206.30,206.7935
4207.27,209.8051
4208.23,212.9260
4209.21,208.3822
4210.17,192.1596
4211.14,189.2168
4212.11,203.7223
4213.08,205.7090
4214.05,196.3996
4215.02,184.5224
4216.00,163.0818
4216.97,159.5343
4217.94,175.3512
4218.91,187.1482
4219.88,194.4458
4220.85,191.5229
4221.82,168.8832
4222.80,147.3646
4223.77,120.8018
4224.74,94.2843
4225.71,69.6946
4226.69,48.5635
4227.66,45.3545
4228.63,61.2298
4229.61,88.1877
4230.58,113.5066
4231.55,136.3856
4232.53,149.2669
4233.50,148.9093
4234.48,146.9735
4235.45,146.4876
4236.43,144.6651
4237.41,152.2533
4238.38,167.2740
4239.36,165.8882
4240.33,171.4315
4241.31,180.1684
4242.29,192.5982
4243.26,202.6526
4244.24,215.4198
4245.22,230.0966
4246.20,225.5219
4247.17,205.5652
4248.15,183.3625
4249.13,167.6466
4250.11,151.0212
4251.09,127.0174
4252.06,134.9484
4253.05,136.3200
4254.02,117.0635
4255.00,103.9240
4255.98,128.9253
4256.97,170.2629
4257.94,193.9605
4258.93,178.5945
4259.91,145.1654
4260.89,128.3185
4261.87,141.3101
4262.85,167.7613
4263.83,205.1042
4264.81,216.0492
4265.80,228.9041
4266.78,220.7903
4267.76,210.3102
4268.74,196.6245
4269.73,177.7768
4270.71,144.4838
4271.69,107.7156
4272.68,98.5015
4273.66,102.6696
4274.64,97.9930
4275.63,106.2878
4276.61,138.6596
4277.60,180.2025
4278.58,214.1333
4279.57,211.2762
4280.55,199.7736
4281.54,183.4998
4282.53,171.3913
4283.51,177.1021
4284.50,186.1538
4285.48,193.1876
4286.47,185.1913
4287.46,180.4953
4288.45,159.0740
4289.43,126.0884
4290.42,103.7494
4291.41,120.6176
4292.40,151.7874
4293.39,169.9568
4294.38,170.1705
4295.36,169.9160
4296.35,186.1738
4297.34,186.1285
4298.33,164.8780
4299.32,138.4788
4300.31,121.6550
4301.30,121.0487
4302.29,132.5659
4303.28,141.8068
4304.27,151.4676
4305.27,154.2155
4306.26,138.3772
4307.25,113.3743
4308.24,97.8085
4309.23,99.2070
4310.23,123.2907
4311.22,145.2871
4312.21,164.3831
4313.20,185.2470
4314.20,189.3658
4315.19,204.1217
4316.18,231.8515
4317.18,263.5624
4318.17,269.0966
4319.17,249.9695
4320.16,254.4091
4321.16,252.9228
4322.15,248.1487
4323.15,220.7936
4324.14,183.8523
4325.14,136.9506
4326.13,113.6060
4327.13,137.2229
4328.13,189.2838
4329.12,232.2113
4330.12,255.6200
4331.12,264.7453
4332.11,261.8816
4333.11,266.5311
4334.11,276.1656
4335.11,281.3947
4336.11,272.8074
4337.11,240.5709
4338.10,207.0706
4339.10,194.6105
4340.10,190.9151
4341.10,202.2759
4342.10,227.8639
4343.10,243.8133
4344.10,240.2289
4345.10,240.1731
4346.10,250.8314
4347.10,260.3212
4348.10,267.5367
4349.11,283.5816
4350.11,283.4515
4351.11,240.4668
4352.11,195.8011
4353.11,186.8996
4354.12,203.9046
4355.12,224.0451
4356.12,242.2979
4357.12,260.7072
4358.13,266.2226
4359.13,255.9805
4360.13,250.1849
4361.14,259.4518
4362.14,280.5225
4363.15,275.1050
4364.15,278.9319
4365.16,289.8416
4366.16,288.8341
4367.17,271.2832
4368.18,253.7248
4369.18,252.4685
4370.19,258.9025
4371.19,251.6035
4372.20,254.6499
4373.21,243.5923
4374.21,225.5398
4375.22,204.2880
4376.23,194.2175
4377.24,209.6515
4378.24,232.7950
4379.25,234.6982
4380.26,219.1854
4381.27,199.6612
4382.28,170.1404
4383.29,124.1147
4384.30,95.1680
4385.31,118.5560
4386.32,169.3118
4387.33,201.0510
4388.34,213.5323
4389.35,216.1223
4390.36,214.5998
4391.37,222.4723
4392.38,240.4586
4393.39,253.3605
4394.40,247.7670
4395.42,242.9583
4396.43,260.0799
4397.44,277.7318
4398.45,286.9501
4399.47,275.1888
4400.48,247.9238
4401.49,230.6537
4402.51,230.9448
4403.52,202.1367
4404.53,154.4214
4405.55,131.8441
4406.56,152.6178
4407.58,178.8525
4408.59,198.8170
4409.61,233.2425
4410.62,263.9837
4411.64,281.8893
4412.66,291.6998
4413.67,266.5175
4414.69,220.0985
4415.70,185.1580
4416.72,198.4524
4417.74,241.3065
4418.75,282.3457
4419.77,305.2643
4420.79,303.9566
4421.81,284.2038
4422.83,253.0464
4423.85,248.2549
4424.86,243.5639
4425.88,231.7354
4426.90,219.9338
4427.92,231.6240
4428.94,255.0960
4429.96,260.3960
4430.98,257.1484
4432.00,269.4179
4433.02,273.0761
4434.04,239.1849
4435.06,194.0614
4436.09,189.4177
4437.11,220.1288
4438.13,272.7832
4439.15,301.6582
4440.17,307.2466
4441.20,281.9141
4442.22,250.8082
4443.24,236.1723
4444.27,258.2341
4445.29,294.1227
4446.31,313.9860
4447.34,301.0042
4448.36,288.4081
4449.38,301.1159
4450.41,293.9514
4451.43,288.3307
4452.46,285.9277
4453.49,257.5977
4454.51,212.6711
4455.54,182.0221
4456.56,182.8950
4457.59,205.6922
4458.61,218.3495
4459.64,219.8148
4460.67,217.1644
4461.70,209.5964
4462.72,222.0937
4463.75,260.4821
4464.78,279.0486
4465.81,279.9219
4466.84,276.0126
4467.86,280.3018
4468.89,282.1490
4469.92,273.3525
4470.95,282.9069
4471.98,299.4041
4473.01,316.6100
4474.04,322.4258
4475.07,308.6461
4476.10,297.2531
4477.13,310.4878
4478.16,334.4553
4479.20,332.2444
4480.23,302.3113
4481.26,269.2513
4482.29,253.3575
4483.32,260.6554
4484.36,290.8601
4485.39,320.6197
4486.42,336.7811
4487.45,334.3620
4488.49,314.0463
4489.52,286.2124
4490.55,275.4150
4491.59,294.4266
4492.62,312.9428
4493.66,308.7054
4494.69,280.6622
4495.73,255.6458
4496.76,266.3033
4497.80,287.2539
4498.83,312.7855
4499.87,328.9027
4500.91,326.8189
4501.94,317.1248
4502.98,325.5547
4504.02,347.9624
4505.06,356.8440
4506.09,356.4069
4507.13,350.9023
4508.17,342.3363
4509.20,343.3331
4510.24,348.9259
4511.28,344.8964
4512.32,330.9207
4513.36,321.1393
4514.40,316.3867
4515.44,325.0616
4516.48,331.8762
4517.52,325.5238
4518.56,316.4150
4519.60,323.6042
4520.64,345.9646
4521.68,354.7783
4522.72,337.5705
4523.76,323.6670
4524.81,312.9296
4525.85,294.7712
4526.89,267.0706
4527.93,237.7626
4528.97,230.3183
4530.02,238.5360
4531.06,256.1630
4532.11,265.2849
4533.15,266.6149
4534.19,247.9842
4535.24,223.5806
4536.28,234.4248
4537.33,285.9955
4538.37,338.5201
4539.42,344.3151
4540.46,330.0077
4541.51,321.8856
4542.55,330.2367
4543.60,339.5561
4544.65,321.7546
4545.69,307.3293
4546.74,300.8845
4547.79,310.5223
4548.83,307.2430
4549.88,305.8007
4550.93,321.5246
4551.98,324.4388
4553.02,319.5519
4554.07,308.9088
4555.12,303.6960
4556.17,304.0960
4557.22,327.7557
4558.27,354.0850
4559.32,367.3578
4560.37,365.8396
4561.42,362.0203
4562.47,363.1220
4563.52,353.2443
4564.57,336.5228
4565.62,324.4572
4566.67,335.0747
4567.72,359.6736
4568.78,367.4521
4569.83,361.5416
4570.88,339.4905
4571.93,320.5438
4572.99,333.9962
4574.04,355.7844
4575.09,361.9679
4576.15,362.0313
4577.20,366.1117
4578.26,352.8029
4579.31,325.1480
4580.37,302.6031
4581.42,301.5048
4582.47,322.1412
4583.53,344.0185
4584.58,342.7407
4585.64,317.4343
4586.70,302.8928
4587.75,332.4742
4588.81,364.6252
4589.86,374.9904
4590.92,367.2203
4591.98,337.7692
4593.04,329.7649
4594.10,330.1453
4595.15,330.4883
4596.21,336.7564
4597.27,339.1698
4598.33,339.8769
4599.39,336.8854
4600.45,327.7687
4601.51,321.2325
4602.57,320.5750
4603.63,326.0972
4604.68,326.7413
4605.75,334.3210
4606.81,331.5981
4607.87,347.6398
4608.93,366.5099
4609.99,386.6622
4611.05,371.9753
4612.11,359.5588
4613.18,347.4849
4614.24,353.2623
4615.30,359.4531
4616.36,359.3324
4617.43,358.3455
4618.49,357.5394
4619.55,357.4031
4620.62,362.9033
4621.68,371.0780
4622.75,361.2125
4623.81,360.0336
4624.88,350.5748
4625.94,344.5417
4627.00,344.6926
4628.07,366.0359
4629.14,371.1944
4630.20,369.2852
4631.27,378.1589
4632.34,375.7955
4633.40,363.0370
4634.47,356.6618
4635.54,358.2637
4636.60,354.0404
4637.67,338.7010
4638.74,323.5313
4639.81,317.8864
4640.88,327.8155
4641.94,353.9334
4643.01,366.5599
4644.08,358.6951
4645.15,335.2169
4646.22,312.1718
4647.29,289.5825
4648.36,298.6726
4649.43,319.3089
4650.50,332.0746
4651.57,335.1163
4652.65,338.5963
4653.72,340.7060
4654.79,331.0121
4655.86,323.1549
4656.93,337.4413
4658.01,357.6234
4659.08,377.4777
4660.15,389.4581
4661.22,394.3299
4662.30,380.8797
4663.37,354.0651
4664.45,344.4844
4665.52,335.6111
4666.59,311.4126
4667.67,281.3782
4668.74,271.4769
4669.82,304.5314
4670.89,343.1775
4671.97,359.4470
4673.05,357.0381
4674.12,348.8221
4675.20,349.5615
4676.27,367.1799
4677.35,370.2039
4678.43,360.4078
4679.51,348.2006
4680.58,328.0539
4681.66,322.5181
4682.74,326.7915
4683.82,342.6590
4684.90,354.4922
4685.98,353.0931
4687.06,354.3545
4688.13,349.0918
4689.21,346.3734
4690.29,344.1567
4691.37,341.0044
4692.45,341.2489
4693.53,347.0882
4694.62,358.0400
4695.70,369.5070
4696.78,371.4578
4697.86,357.8496
4698.94,337.3467
4700.02,326.8810
4701.11,323.0447
4702.19,312.0641
4703.27,297.0931
4704.35,302.4938
4705.44,329.9358
4706.52,330.4676
4707.61,318.9904
4708.69,312.6664
4709.77,316.8085
4710.86,331.0297
4711.94,356.1638
4713.03,363.6469
4714.11,350.2638
4715.20,339.3911
4716.28,345.8129
4717.37,364.4592
4718.46,371.7138
4719.54,379.2687
4720.63,385.4863
4721.72,382.4902
4722.81,367.7060
4723.89,366.0586
4724.98,378.2260
4726.07,379.4364
4727.16,352.0269
4728.25,325.1672
4729.33,315.3538
4730.42,315.5339
4731.51,326.2740
4732.60,334.2973
4733.69,340.2882
4734.78,346.4946
4735.87,341.8416
4736.96,324.1534
4738.05,324.9327
4739.14,346.1943
4740.24,345.4708
4741.33,341.4992
4742.42,342.2435
4743.51,354.1449
4744.60,357.8574
4745.70,353.1891
4746.79,359.2282
4747.88,363.5601
4748.98,364.3377
4750.07,364.3371
4751.16,365.0269
4752.26,353.2436
4753.35,334.4784
4754.45,324.8380
4755.54,325.9837
4756.64,330.1710
4757.73,333.7816
4758.83,335.0758
4759.92,339.4148
4761.02,340.1129
4762.12,328.0881
4763.21,321.5296
4764.31,319.3859
4765.41,310.4986
4766.50,301.6833
4767.60,298.8143
4768.70,316.6185
4769.80,328.1565
4770.90,324.3186
4771.99,319.3152
4773.10,317.0063
4774.19,321.7791
4775.29,328.5989
4776.39,325.0843
4777.49,319.5276
4778.59,317.2027
4779.69,312.7651
4780.79,311.4844
4781.89,308.3585
4782.99,294.6981
4784.10,288.8072
4785.20,299.5219
4786.30,310.2681
4787.40,313.5175
4788.51,313.9041
4789.61,313.8191
4790.71,318.7400
4791.81,328.4740
4792.92,337.9268
4794.02,347.5173
4795.13,357.4878
4796.23,362.7218
4797.33,356.9033
4798.44,348.6591
4799.54,337.4782
4800.65,331.2035
4801.76,339.8477
4802.86,359.2523
4803.97,368.0006
4805.07,364.1876
4806.18,357.9413
4807.29,348.5245
4808.39,345.0146
4809.50,349.4445
4810.61,355.1401
4811.72,355.2589
4812.82,358.4022
4813.93,356.5796
4815.04,358.3122
4816.15,362.2421
4817.26,367.5887
4818.37,370.4175
4819.48,370.4060
4820.59,370.0735
4821.70,360.4873
4822.81,339.9032
4823.92,310.7008
4825.03,315.4443
4826.14,337.9988
4827.25,347.4929
4828.36,336.7125
4829.48,332.7628
4830.59,332.7294
4831.70,326.9699
4832.81,322.8943
4833.93,333.7874
4835.04,346.4150
4836.15,343.7999
4837.27,342.4016
4838.38,342.2794
4839.49,336.3002
4840.61,325.2888
4841.72,331.2527
4842.84,335.4267
4843.95,332.1184
4845.07,345.3178
4846.19,364.2026
4847.30,361.7928
4848.42,367.9504
4849.53,363.5717
4850.65,369.5709
4851.77,367.3560
4852.89,368.8285
4854.00,355.9692
4855.12,342.6429
4856.24,342.2894
4857.36,345.5305
4858.48,342.3348
4859.59,328.5498
4860.71,298.1635
4861.83,271.7567
4862.95,289.0447
4864.07,320.6301
4865.19,333.5624
4866.31,344.1886
4867.43,344.6530
4868.56,341.8487
4869.68,335.1950
4870.80,306.4431
4871.92,259.4159
4873.04,260.1711
4874.16,305.1620
4875.28,322.1716
4876.41,332.0393
4877.53,327.8895
4878.65,325.6106
4879.78,338.5306
4880.90,347.5723
4882.03,334.2329
4883.15,336.5093
4884.27,338.8436
4885.40,324.6771
4886.52,307.3436
4887.65,307.2835
4888.77,307.6733
4889.90,292.2495
4891.03,261.4174
4892.15,246.9144
4893.28,291.9243
4894.40,343.8749
4895.53,368.3271
4896.66,381.5688
4897.79,381.5471
4898.92,365.6858
4900.05,357.4570
4901.17,356.5208
4902.30,345.0088
4903.43,325.7478
4904.56,332.1125
4905.69,345.1133
4906.82,356.4159
4907.95,364.2167
4909.08,354.4726
4910.21,328.2103
4911.34,329.4503
4912.47,339.5112
4913.60,347.0947
4914.73,352.7295
4915.87,359.7086
4917.00,352.1857
4918.13,323.8529
4919.26,259.0730
4920.39,217.0838
4921.53,229.9844
4922.66,274.0524
4923.80,312.0834
4924.93,325.3384
4926.06,329.8109
4927.20,341.3271
4928.33,359.8859
4929.47,375.4137
4930.60,378.0633
4931.74,367.8361
4932.87,349.0294
4934.01,331.9323
4935.15,323.5427
4936.28,341.0509
4937.42,331.7006
4938.56,293.2733
4939.69,286.3745
4940.83,307.7477
4941.97,331.2650
4943.11,353.1355
4944.24,358.9998
4945.38,354.1008
4946.52,344.4018
4947.66,347.8810
4948.80,364.6138
4949.94,373.7782
4951.08,372.2924
4952.22,368.4418
4953.36,364.4774
4954.50,355.8744
4955.64,332.4592
4956.78,290.1665
4957.93,236.4696
4959.07,258.6845
4960.21,312.5432
4961.35,347.2148
4962.49,347.8116
4963.64,349.1691
4964.78,342.3077
4965.92,327.8895
4967.07,322.7363
4968.21,320.0681
4969.36,321.2635
4970.50,332.6364
4971.64,345.5117
4972.79,359.8738
4973.93,365.1412
4975.08,358.5793
4976.22,357.4372
4977.37,352.3760
4978.52,338.7634
4979.66,321.6323
4980.81,325.1835
4981.96,280.4785
4983.10,254.8932
4984.25,257.2229
4985.40,275.5788
4986.55,303.0513
4987.70,318.5511
4988.84,324.5410
4989.99,316.8188
4991.14,305.5474
4992.29,316.2698
4993.44,323.2193
4994.59,317.0251
4995.74,322.1796
4996.89,334.8351
4998.04,343.2639
4999.19,318.7438
5000.34,289.2416
5001.50,279.2535
5002.65,283.5189
5003.80,308.7844
5004.95,307.6323
5006.11,276.3031
5007.26,263.2129
5008.41,270.6392
5009.56,300.0255
5010.72,320.9932
5011.87,304.5443
5013.03,280.9023
5014.18,258.2779
5015.34,252.8275
5016.49,271.5126
5017.65,290.2615
5018.80,301.3294
5019.96,312.0409
5021.11,309.3505
5022.27,282.1680
5023.43,270.8070
5024.58,296.2410
5025.74,314.1379
5026.90,305.1398
5028.06,289.9677
5029.21,284.0508
5030.37,311.2086
5031.53,325.2791
5032.69,326.7713
5033.85,336.1388
5035.00,318.5284
5036.17,289.1649
5037.32,281.6714
5038.49,292.0670
5039.65,280.8835
5040.81,241.6169
5041.97,231.9816
5043.13,254.6468
5044.29,283.3269
5045.45,309.3967
5046.61,327.3358
5047.77,333.1617
5048.94,303.9180
5050.10,269.5161
5051.26,266.3358
5052.43,285.4860
5053.59,300.3793
5054.75,304.8621
5055.92,304.7148
5057.08,310.5036
5058.25,323.6399
5059.41,323.5202
5060.58,323.6597
5061.74,324.9702
5062.91,320.8354
5064.07,299.3287
5065.24,272.7293
5066.41,271.6579
5067.57,278.4117
5068.74,268.2719
5069.91,273.2579
5071.08,283.3950
5072.24,278.8214
5073.41,272.8219
5074.58,290.7361
5075.75,290.9235
5076.92,277.5711
5078.08,280.4618
5079.26,276.3663
5080.42,259.3188
5081.60,250.5826
5082.76,247.6041
5083.93,250.3778
5085.11,268.2985
5086.28,287.3367
5087.45,297.7695
5088.62,294.7648
5089.79,287.6628
5090.96,286.0291
5092.13,294.7868
5093.31,316.9584
5094.48,319.3531
5095.66,292.0906
5096.83,275.7659
5098.00,282.5359
5099.18,267.8050
5100.35,256.7496
5101.52,257.2455
5102.70,270.1323
5103.88,271.8124
5105.05,268.3233
5106.23,263.7350
5107.40,255.7731
5108.58,254.1850
5109.75,259.7605
5110.93,262.3552
5112.11,266.7102
5113.28,270.3720
5114.46,287.6516
5115.64,298.4824
5116.82,296.6041
5118.00,295.4405
5119.17,301.3256
5120.35,284.7703
5121.53,272.0581
5122.71,270.3513
5123.89,256.2832
5125.07,238.4202
5126.25,237.3831
5127.43,245.4633
5128.61,250.1098
5129.79,244.4492
5130.98,245.2565
5132.16,268.0839
5133.34,277.4537
5134.52,272.2607
5135.70,275.6058
5136.89,285.1892
5138.07,273.6103
5139.25,250.5291
5140.44,251.4512
5141.62,266.7253
5142.80,267.1267
5143.99,266.4241
5145.17,267.5392
5146.36,261.0934
5147.54,252.3872
5148.73,259.4243
5149.92,262.5249
5151.10,252.6568
5152.29,241.3257
5153.47,228.6154
5154.66,225.4341
5155.85,245.4548
5157.03,275.6154
5158.22,296.7962
5159.41,303.0861
5160.60,303.9246
5161.79,298.5607
5162.97,286.1903
5164.16,270.5073
5165.35,250.0342
5166.54,201.0001
5167.73,152.4645
5168.92,157.3448
5170.11,180.2961
5171.30,175.9308
5172.49,148.1708
5173.68,133.1658
5174.88,160.3110
5176.07,206.0955
5177.26,234.2638
5178.45,232.7575
5179.64,226.1832
5180.84,209.6266
5182.03,177.1983
5183.23,139.9245
5184.42,127.0008
5185.61,161.4652
5186.81,219.2994
5188.00,257.5160
5189.20,276.8640
5190.39,288.4251
5191.59,270.7654
5192.78,239.4897
5193.98,245.4878
5195.17,263.2907
5196.37,281.9267
5197.57,300.3494
5198.76,322.3573
5199.96,325.8264
5201.16,318.3699
5202.36,303.5860
5203.55,272.3280
5204.75,228.6562
5205.95,188.5528
5207.15,176.9980
5208.35,171.9541
5209.55,170.7000
5210.75,203.1573
5211.95,268.8531
5213.15,335.0563
5214.35,351.4235
5215.55,329.4136
5216.75,306.2227
5217.95,321.3307
5219.15,347.5854
5220.35,371.8198
5221.56,377.9543
5222.76,370.4279
5223.96,347.9399
5225.17,312.9589
5226.37,275.2167
5227.57,258.0786
5228.78,281.7706
5229.98,319.4216
5231.18,346.2375
5232.39,322.4054
5233.59,299.5706
5234.80,311.3473
5236.01,347.9095
5237.21,375.5905
5238.41,386.0125
5239.62,381.6721
5240.83,377.3493
5242.04,376.8791
5243.24,377.9086
5244.45,384.2307
5245.66,380.6877
5246.87,364.6959
5248.07,345.6313
5249.28,344.4312
5250.49,351.1475
5251.70,345.8102
5252.91,345.1223
5254.12,352.4154
5255.33,353.4453
5256.54,356.5459
5257.75,376.9698
5258.96,396.0591
5260.17,391.8416
5261.39,363.3372
5262.60,322.8459
5263.81,284.7631
5265.02,256.7799
5266.23,250.5734
5267.45,250.3025
5268.66,242.4688
5269.87,214.2026
5271.08,204.8696
5272.30,256.6723
5273.51,317.6402
5274.73,331.4784
5275.94,332.9673
5277.16,356.7912
5278.37,384.7683
5279.59,396.3083
5280.80,376.6562
5282.02,341.8795
5283.23,314.4280
5284.45,316.3592
5285.67,355.2861
5286.89,394.9586
5288.10,405.1441
5289.32,399.5410
5290.54,401.7481
5291.76,406.2464
5292.98,406.2808
5294.20,400.7586
5295.42,388.7860
5296.63,357.8420
5297.86,302.3549
5299.07,299.6144
5300.29,337.2495
5301.52,350.6036
5302.74,357.6651
5303.96,377.5536
5305.18,401.7407
5306.40,409.1648
5307.62,397.2167
5308.84,399.6448
5310.07,408.4069
5311.29,415.4661
5312.51,411.9533
5313.74,410.6199
5314.96,401.1117
5316.18,402.8696
5317.41,403.7186
5318.63,400.3029
5319.86,398.7103
5321.08,386.1444
5322.31,384.3290
5323.53,357.7091
5324.76,325.5332
5325.98,323.9930
5327.21,309.3369
5328.44,242.7099
5329.67,238.4801
5330.89,303.1859
5332.12,354.7079
5333.35,371.2043
5334.58,382.4770
5335.81,396.8359
5337.03,397.7900
5338.26,385.1109
5339.49,366.5025
5340.72,324.0687
5341.95,317.8540
5343.18,353.7916
5344.41,374.2455
5345.64,363.2778
5346.88,354.7929
5348.11,355.9900
5349.34,347.7194
5350.57,357.9695
5351.80,389.6376
5353.03,403.1834
5354.27,397.2551
5355.50,403.7256
5356.73,417.3219
5357.97,420.1780
5359.20,424.7229
5360.43,420.6513
5361.67,411.1503
5362.90,399.3992
5364.14,387.8934
5365.37,374.5369
5366.61,368.1547
5367.85,368.5711
5369.08,361.5742
5370.32,320.7843
5371.55,273.4864
5372.79,285.9216
5374.03,346.7438
5375.27,388.6339
5376.50,403.7841
5377.74,399.9236
5378.98,404.1755
5380.22,410.0737
5381.46,406.2528
5382.70,395.4019
5383.94,366.7112
5385.18,377.9485
5386.42,398.6024
5387.66,406.5345
5388.90,395.5767
5390.14,380.1130
5391.38,374.3099
5392.62,362.9954
5393.86,352.5246
5395.11,356.9346
5396.35,333.8081
5397.59,312.6346
5398.83,312.6553
5400.08,359.8149
5401.32,370.8942
5402.56,377.8424
5403.81,367.2348
5405.05,311.7618
5406.30,277.8176
5407.54,304.0146
5408.79,340.3964
5410.03,323.0485
5411.28,320.7124
5412.53,354.1602
5413.77,387.1483
5415.02,385.7649
5416.27,383.3415
5417.51,401.3787
5418.76,412.9400
5420.01,403.0307
5421.26,394.6313
5422.51,396.6837
5423.75,385.6667
5425.00,368.2828
5426.25,384.3279
5427.50,406.6118
5428.75,385.5222
5430.00,322.4913
5431.25,322.4352
5432.50,353.9187
5433.75,343.1878
5435.00,323.9746
5436.26,331.1608
5437.51,365.8452
5438.76,393.5477
5440.01,406.9900
5441.27,417.7189
5442.52,421.6419
5443.77,415.1083
5445.03,392.7157
5446.28,335.2731
5447.54,303.7125
5448.79,329.2923
5450.04,383.8284
5451.30,404.1032
5452.55,407.8837
5453.81,398.2012
5455.07,358.5434
5456.32,326.5560
5457.58,353.9380
5458.83,401.4838
5460.09,414.9664
5461.35,400.1242
5462.61,377.3313
5463.86,362.6117
5465.12,374.7724
5466.38,395.2409
5467.64,402.3203
5468.90,410.0680
5470.16,402.2825
5471.42,392.6823
5472.68,397.0785
5473.94,388.8356
5475.20,380.2504
5476.46,356.8997
5477.72,341.2268
5478.98,364.8784
5480.25,389.1704
5481.51,375.7440
5482.77,364.8979
5484.03,385.6029
5485.30,409.7638
5486.56,414.8545
5487.82,391.5927
5489.09,386.9239
5490.35,397.6616
5491.61,408.0480
5492.88,414.5802
5494.14,409.7078
5495.41,399.6476
5496.67,398.5574
5497.94,382.3492
5499.21,391.8009
5500.47,404.8801
5501.74,392.6530
5503.01,386.0396
5504.27,395.0063
5505.54,389.9550
5506.81,369.0801
5508.08,375.4393
5509.35,406.4095
5510.61,406.4479
5511.88,380.9438
5513.15,355.3300
5514.42,350.7795
5515.69,367.0350
5516.96,388.1743
5518.23,404.3707
5519.50,418.5214
5520.78,418.8993
5522.05,422.2184
5523.32,423.4396
5524.59,417.2371
5525.86,413.8089
5527.13,396.6984
5528.41,361.4462
5529.68,352.2290
5530.95,385.9248
5532.23,407.8747
5533.50,408.5508
5534.77,407.9384
5536.05,406.5758
5537.32,405.9777
5538.60,402.1518
5539.88,410.3397
5541.15,423.2588
5542.43,420.7760
5543.70,406.3419
5544.98,406.4242
5546.26,410.9295
5547.54,411.1320
5548.81,423.5059
5550.09,424.2290
5551.37,425.3453
5552.65,430.3657
5553.93,422.4750
5555.20,411.2066
5556.48,407.7209
5557.76,411.6020
5559.04,416.9894
5560.32,419.8811
5561.60,415.2538
5562.88,404.2687
5564.16,396.5930
5565.45,391.2741
5566.73,382.9172
5568.01,381.3216
5569.29,379.0281
5570.57,373.4045
5571.86,380.7773
5573.14,361.0937
5574.43,439.6143
5575.71,390.0268
5576.99,408.7470
5578.28,394.6600
5579.56,426.9139
5580.85,416.4452
5582.13,404.2890
5583.42,397.3576
5584.70,405.3422
5585.99,376.1747
5587.27,335.6222
5588.56,311.1598
5589.85,323.0639
5591.13,354.9086
5592.42,384.3306
5593.71,381.2521
5595.00,368.5094
5596.29,383.7644
5597.57,395.0635
5598.87,380.1908
5600.15,372.4916
5601.44,375.0324
5602.73,363.0255
5604.03,368.9364
5605.31,405.8802
5606.60,425.3997
5607.90,429.9385
5609.19,436.8789
5610.48,432.4272
5611.77,432.6699
5613.07,432.2600
5614.36,410.4222
5615.65,354.5735
5616.94,338.9662
5618.24,373.9365
5619.53,399.6875
5620.82,399.2428
5622.12,413.7108
5623.41,412.5786
5624.71,385.7958
5626.00,377.8575
5627.30,395.3638
5628.60,411.9018
5629.89,424.2144
5631.19,429.1404
5632.48,433.6794
5633.78,429.6016
5635.08,423.1291
5636.38,417.3117
5637.68,410.5334
5638.97,411.0352
5640.27,417.7983
5641.57,417.2751
5642.87,409.7714
5644.17,409.4680
5645.47,413.8705
5646.77,419.0897
5648.07,422.7366
5649.37,414.3825
5650.67,412.5634
5651.97,423.0270
5653.27,425.0050
5654.57,421.7676
5655.88,413.6877
5657.18,409.0988
5658.48,387.3052
5659.79,369.8992
5661.09,391.9137
5662.39,394.2695
5663.70,393.1327
5665.00,411.9773
5666.31,425.6585
5667.61,422.9750
5668.92,420.3806
5670.22,419.3531
5671.53,415.5043
5672.83,424.2038
5674.14,427.4668
5675.45,429.5269
5676.75,428.0038
5678.06,435.1173
5679.37,428.9913
5680.68,423.1441
5681.98,414.0702
5683.29,400.5074
5684.60,406.1523
5685.91,418.2174
5687.22,406.7806
5688.53,391.2267
5689.84,398.3637
5691.15,418.8730
5692.46,427.0103
5693.77,432.6286
5695.08,427.2445
5696.39,430.1192
5697.71,425.2274
5699.02,414.7831
5700.33,409.2924
5701.64,400.7997
5702.95,397.0770
5704.27,407.7748
5705.58,412.0042
5706.90,403.1331
5708.21,386.9236
5709.52,374.5749
5710.84,368.6073
5712.15,372.1949
5713.47,395.8935
5714.79,419.8971
5716.10,419.4351
5717.42,423.4593
5718.73,428.3586
5720.05,435.3474
5721.37,439.7513
5722.69,444.2126
5724.00,444.4932
5725.32,445.0753
5726.64,432.8499
5727.96,415.9223
5729.28,427.5655
5730.60,433.1218
5731.92,421.2954
5733.24,422.2406
5734.56,434.7941
5735.88,437.5188
5737.20,435.6341
5738.52,429.8667
5739.84,432.7064
5741.17,435.8267
5742.49,435.7809
5743.81,432.2086
5745.13,437.3477
5746.45,442.9876
5747.78,436.6718
5749.10,434.2684
5750.43,439.9630
5751.75,436.1175
5753.08,421.5213
5754.40,408.0409
5755.72,420.7882
5757.05,438.9850
5758.37,442.9989
5759.70,438.9464
5761.03,433.8860
5762.36,416.4165
5763.68,411.2853
5765.01,422.5704
5766.34,442.9963
5767.66,447.5829
5768.99,450.2471
5770.32,449.5284
5771.65,445.3604
5772.98,436.7378
5774.31,429.8275
5775.64,431.6651
5776.97,433.8340
5778.30,436.9701
5779.63,432.0804
5780.96,415.0362
5782.29,399.7737
5783.62,393.6293
5784.96,392.7602
5786.29,392.0681
5787.62,405.0226
5788.95,419.2292
5790.29,418.5007
5791.62,414.7137
5792.95,421.8869
5794.29,432.2767
5795.62,444.3177
5796.96,440.9894
5798.29,433.9967
5799.63,430.8326
5800.96,443.1374
5802.30,454.0594
5803.63,444.1559
5804.97,435.7287
5806.31,430.3761
5807.64,432.1030
5808.98,435.8394
5810.32,437.8768
5811.66,446.7762
5813.00,450.0822
5814.33,442.6267
5815.67,436.6063
5817.01,433.7213
5818.35,437.7368
5819.69,452.2083
5821.03,455.0156
5822.37,453.1340
5823.71,448.0478
5825.06,449.9901
5826.40,454.6000
5827.74,451.0926
5829.08,453.3802
5830.42,450.7183
5831.76,454.6934
5833.11,448.9991
5834.45,447.5262
5835.79,444.7435
5837.14,446.2770
5838.48,443.2838
5839.83,442.1025
5841.17,448.5530
5842.52,452.4913
5843.86,453.0954
5845.21,446.5369
5846.56,445.7660
5847.90,441.9130
5849.25,443.2578
5850.59,447.0199
5851.94,445.0952
5853.29,434.5946
5854.64,433.1152
5855.99,426.2481
5857.33,403.1655
5858.68,389.0747
5860.03,407.0557
5861.38,428.2073
5862.73,430.5717
5864.08,432.0463
5865.43,434.8194
5866.78,425.3299
5868.13,420.6045
5869.48,433.7270
5870.84,446.2271
5872.19,447.3014
5873.54,443.5713
5874.89,441.8171
5876.25,443.0290
5877.60,436.8345
5878.95,427.6811
5880.31,422.8244
5881.66,420.4066
5883.01,414.0152
5884.37,403.0683
5885.72,385.4039
5887.08,355.0470
5888.44,293.3632
5889.79,206.4806
5891.15,170.5452
5892.50,207.9089
5893.86,251.8415
5895.22,233.9091
5896.58,200.4010
5897.93,229.9268
5899.29,306.0953
5900.65,365.8027
5902.01,398.0690
5903.37,413.1911
5904.73,418.7125
5906.09,416.9025
5907.45,422.5911
5908.81,429.4973
5910.17,431.4123
5911.53,437.8344
5912.89,431.4918
5914.25,424.6204
5915.62,409.2561
5916.98,414.8001
5918.34,424.1270
5919.70,431.3042
5921.07,439.1492
5922.43,436.6247
5923.79,433.0332
5925.16,440.2525
5926.52,442.4162
5927.89,441.8042
5929.25,428.9950
5930.62,422.0843
5931.98,423.4231
5933.35,435.0593
5934.72,433.1578
5936.08,424.6527
5937.45,429.1285
5938.82,436.1505
5940.18,437.5951
5941.55,426.9759
5942.92,426.9089
5944.29,430.8989
5945.66,442.4149
5947.03,445.1573
5948.40,437.5618
5949.77,429.9496
5951.14,430.4289
5952.51,426.8150
5953.88,420.4112
5955.25,427.8876
5956.62,434.2695
5957.99,430.5555
5959.36,439.2384
5960.74,442.7772
5962.11,449.8649
5963.48,445.1577
5964.86,439.9795
5966.23,435.0839
5967.60,434.5213
5968.98,441.7853
5970.35,442.4880
5971.73,449.5211
5973.10,449.8950
5974.48,446.9943
5975.86,440.2394
5977.23,428.6943
5978.61,423.2001
5979.98,425.7671
5981.36,434.9291
5982.74,437.1102
5984.12,419.5844
5985.50,411.1180
5986.87,413.3181
5988.25,425.8188
5989.63,432.9512
5991.01,439.1886
5992.39,441.9318
5993.77,445.2609
5995.15,448.2971
5996.53,441.9734
5997.91,431.8271
5999.29,427.9354
6000.67,427.6295
6002.06,426.1730
6003.44,427.0311
6004.82,421.6458
6006.20,429.5572
6007.59,419.7306
6008.97,409.8919
6010.35,421.2602
6011.74,431.8734
6013.12,422.8763
6014.51,414.8503
6015.89,414.5476
6017.28,416.4366
6018.66,414.1102
6020.05,413.9213
6021.44,408.0480
6022.82,407.4571
6024.21,409.0265
6025.60,417.0173
6026.98,430.6189
6028.37,440.5033
6029.76,446.3227
6031.15,450.6565
6032.54,447.0283
6033.93,444.4303
6035.32,445.0189
6036.71,444.5313
6038.10,442.0144
6039.48,434.7215
6040.88,433.1949
6042.27,432.9397
6043.66,441.6527
6045.05,446.7408
6046.44,448.6504
6047.84,450.0760
6049.23,446.8563
6050.62,448.4472
6052.01,448.2248
6053.41,443.4395
6054.80,435.8039
6056.20,431.9076
6057.59,427.6511
6058.99,430.2857
6060.38,439.4792
6061.78,440.4657
6063.17,432.1728
6064.57,416.1016
6065.97,403.8500
6067.36,414.8673
6068.76,432.1001
6070.16,445.1337
6071.55,447.0131
6072.95,449.8776
6074.35,450.1463
6075.75,447.8350
6077.15,442.9370
6078.55,434.1743
6079.95,425.9119
6081.35,424.7557
6082.75,425.7710
6084.15,425.1833
6085.55,427.0179
6086.95,430.8793
6088.35,434.4107
6089.76,428.0223
6091.16,423.5221
6092.56,420.2042
6093.96,429.1442
6095.37,433.1401
6096.77,434.2301
6098.18,428.0110
6099.58,428.1884
6100.98,418.4121
6102.39,388.6281
6103.80,365.2845
6105.20,388.4891
6106.61,419.8925
6108.02,426.4870
6109.42,431.2940
6110.83,430.7041
6112.24,427.5321
6113.64,428.4168
6115.05,434.9230
6116.46,434.6221
6117.87,427.4766
6119.28,418.3702
6120.68,393.1519
6122.09,356.1951
6123.50,345.9512
6124.92,370.8688
6126.32,415.4341
6127.74,414.1771
6129.15,418.9951
6130.56,424.5813
6131.97,433.6033
6133.38,432.7966
6134.80,418.2806
6136.21,388.7816
6137.62,359.3017
6139.03,372.8798
6140.45,401.6975
6141.86,414.0834
6143.27,417.3465
6144.69,423.2083
6146.10,431.3518
6147.52,434.1751
6148.94,428.4835
6150.35,419.4149
6151.77,420.9872
6153.18,422.2119
6154.60,420.3157
6156.02,416.8113
6157.44,417.2787
6158.86,409.3347
6160.27,384.3081
6161.69,342.1989
6163.11,294.7057
6164.53,323.5555
6165.95,366.7389
6167.37,392.2540
6168.79,379.1789
6170.21,361.3466
6171.63,372.8510
6173.05,403.3367
6174.48,419.4691
6175.90,422.0390
6177.32,425.3349
6178.74,428.0218
6180.16,428.4419
6181.59,427.1331
6183.01,429.5905
6184.44,431.7073
6185.86,431.6603
6187.28,423.1580
6188.71,418.5971
6190.13,411.7019
6191.56,399.0050
6192.98,397.6223
6194.41,414.3788
6195.84,429.5242
6197.27,432.7833
6198.69,425.3268
6200.12,413.8623
6201.55,414.3102
6202.97,427.9792
6204.40,433.8770
6205.83,437.1024
6207.26,436.1504
6208.69,435.4641
6210.12,432.6544
6211.55,422.7049
6212.98,409.8891
6214.41,397.8721
6215.84,390.4986
6217.28,393.1246
6218.71,400.0628
6220.14,401.6454
6221.57,402.0552
6223.00,410.3376
6224.44,417.0089
6225.87,424.2003
6227.30,423.5966
6228.74,419.7177
6230.17,400.2313
6231.61,378.2131
6233.04,379.5702
6234.48,401.0853
6235.91,419.6885
6237.35,424.9661
6238.78,418.1129
6240.22,406.5872
6241.66,401.8505
6243.09,394.0507
6244.53,392.0018
6245.97,395.4740
6247.41,401.0979
6248.85,413.2666
6250.29,417.4566
6251.73,408.2918
6253.17,386.4297
6254.61,384.6785
6256.05,389.2297
6257.49,382.9691
6258.93,372.5434
6260.37,376.9371
6261.81,394.7193
6263.25,415.1577
6264.70,415.5069
6266.14,414.9362
6267.58,414.5776
6269.02,414.8942
6270.47,415.8981
6271.91,417.6078
6273.36,420.4197
6274.80,424.4305
6276.25,424.7282
6277.69,426.0466
6279.14,423.9867
6280.58,418.2423
6282.03,417.7216
6283.48,420.5490
6284.92,425.7110
6286.37,426.9592
6287.82,432.4540
6289.27,433.6648
6290.72,429.0525
6292.16,419.6735
6293.61,413.8342
6295.06,413.7905
6296.51,409.5760
6297.96,404.8851
6299.41,404.7961
6300.86,399.2540
6302.31,388.5163
6303.76,391.9147
6305.22,408.0819
6306.67,418.6499
6308.12,430.1172
6309.57,435.0962
6311.03,427.7946
6312.48,424.1639
6313.93,416.0813
6315.39,409.4177
6316.84,399.9769
6318.30,391.6964
6319.75,391.7228
6321.21,405.9835
6322.66,419.2015
6324.12,421.6174
6325.58,427.3830
6327.03,428.4288
6328.49,424.3242
6329.95,424.5335
6331.40,427.1759
6332.86,430.9683
6334.32,424.9337
6335.78,406.4208
6337.24,393.9668
6338.70,397.0912
6340.16,411.3776
6341.62,418.3419
6343.08,413.1635
6344.54,406.9284
6346.00,413.4417
6347.46,425.3062
6348.92,431.1697
6350.38,433.6789
6351.85,432.1880
6353.31,428.6842
6354.77,420.2728
6356.24,414.5556
6357.70,411.3862
6359.16,406.5421
6360.63,396.6928
6362.09,390.4346
6363.56,391.3412
6365.02,398.3673
6366.49,409.9755
6367.95,419.9263
6369.42,425.5284
6370.89,429.7185
6372.36,431.5464
6373.82,433.2900
6375.29,428.7344
6376.76,426.9925
6378.23,425.9078
6379.70,417.6833
6381.16,414.8016
6382.64,417.3804
6384.10,419.7942
6385.58,420.3085
6387.05,421.2514
6388.51,421.7112
6389.99,424.2832
6391.46,420.5780
6392.93,404.2810
6394.40,392.7378
6395.88,400.6569
6397.35,418.3485
6398.82,414.6521
6400.30,394.3530
6401.77,388.5800
6403.24,417.3703
6404.72,430.7171
6406.19,424.8315
6407.67,416.0255
6409.14,411.2247
6410.62,401.9446
6412.09,399.4687
6413.57,404.8453
6415.05,414.9168
6416.53,426.4625
6418.00,426.2069
6419.48,417.0123
6420.96,406.9579
6422.44,409.5998
6423.92,423.1271
6425.40,433.4839
6426.88,435.2606
6428.36,434.9599
6429.84,422.2370
6431.32,411.1707
6432.80,409.4347
6434.28,420.5498
6435.76,429.6265
6437.25,419.4102
6438.73,394.9488
6440.21,383.1301
6441.69,399.7388
6443.17,427.3743
6444.66,439.5294
6446.14,438.5797
6447.63,434.1281
6449.11,409.5782
6450.60,388.1547
6452.08,395.6169
6453.57,417.3468
6455.06,422.1183
6456.54,417.7564
6458.03,424.2699
6459.52,430.9730
6461.01,418.8399
6462.49,393.3410
6463.98,380.1486
6465.47,399.5316
6466.96,427.5010
6468.45,428.5722
6469.94,423.4609
6471.43,419.3839
6472.92,411.9331
6474.41,420.1312
6475.90,422.6931
6477.39,425.1790
6478.88,428.5844
6480.37,428.9820
6481.87,421.9550
6483.36,416.4830
6484.85,418.5365
6486.34,427.8453
6487.84,432.1046
6489.33,430.3207
6490.83,427.6739
6492.32,413.6342
6493.82,382.1837
6495.31,349.6058
6496.81,347.4401
6498.30,372.9868
6499.80,387.5544
6501.30,394.1848
6502.80,410.0273
6504.29,420.0439
6505.79,421.4655
6507.29,423.2983
6508.79,419.7082
6510.29,419.0367
6511.78,426.3585
6513.29,427.4435
6514.78,429.3479
6516.28,427.1286
6517.78,422.5636
6519.28,423.1387
6520.79,427.2170
6522.29,432.9741
6523.79,433.6967
6525.29,432.7953
6526.79,434.5438
6528.30,431.1298
6529.80,429.5748
6531.31,429.5185
6532.81,424.3772
6534.32,419.7065
6535.82,424.6759
6537.32,428.3658
6538.83,430.0317
6540.33,431.7181
6541.84,433.2509
6543.35,430.1975
6544.86,419.7947
6546.36,409.5096
6547.87,407.1639
6549.38,414.9626
6550.88,426.0235
6552.39,425.8464
6553.90,419.7399
6555.41,412.1834
6556.92,407.2149
6558.43,412.7018
6559.94,417.4298
6561.45,391.4359
6562.96,352.4434
6564.47,343.0596
6565.99,384.7311
6567.50,413.8673
6569.01,421.5335
6570.52,416.3795
6572.04,412.9392
6573.55,406.5909
6575.06,401.0594
6576.58,408.8311
6578.09,420.3494
6579.61,425.2013
6581.12,422.3468
6582.64,418.5388
6584.15,422.2148
6585.67,428.7508
6587.19,426.0747
6588.70,428.0698
6590.22,433.9069
6591.74,420.4804
6593.26,398.8658
6594.78,393.5637
6596.29,408.6630
6597.81,419.4082
6599.33,421.5305
6600.85,423.8760
6602.37,430.4985
6603.89,431.5280
6605.41,425.9909
6606.93,421.1129
6608.46,419.1691
6609.98,417.6897
6611.50,421.8550
6613.02,426.4347
6614.54,430.1882
6616.07,431.5638
6617.59,433.3353
6619.12,433.8117
6620.64,430.1416
6622.17,430.3173
6623.69,426.5423
6625.21,418.4982
6626.74,418.1548
6628.27,420.6456
6629.79,423.3406
6631.32,421.5608
6632.85,415.7414
6634.37,410.9187
6635.90,414.5042
6637.43,422.3277
6638.96,425.7994
6640.49,426.9459
6642.02,424.6069
6643.55,417.8079
6645.08,413.8127
6646.61,417.9548
6648.14,423.3172
6649.67,424.2806
6651.20,429.4963
6652.73,428.9374
6654.26,429.7135
6655.80,429.5590
6657.33,430.0449
6658.86,426.7409
6660.39,423.4156
6661.93,415.0792
6663.46,407.1682
6665.00,407.7364
6666.53,412.4384
6668.07,417.6083
6669.60,424.0404
6671.14,429.4736
6672.68,430.9391
6674.21,430.2067
6675.75,425.4262
6677.29,409.8445
6678.83,395.5185
6680.36,398.8458
6681.90,414.5295
6683.44,423.8427
6684.98,426.5478
6686.52,424.4771
6688.06,425.7414
6689.60,423.7608
6691.14,422.4512
6692.68,422.7293
6694.22,423.5777
6695.76,417.2280
6697.31,411.9279
6698.85,415.0810
6700.39,421.2654
6701.93,425.5165
6703.47,421.9985
6705.02,416.0018
6706.56,416.9931
6708.11,420.3961
6709.65,421.3294
6711.20,418.1282
6712.74,412.4616
6714.29,409.3109
6715.84,401.4456
6717.38,394.9990
6718.93,392.0262
6720.47,400.7761
6722.02,417.7271
6723.57,420.3447
6725.12,418.0524
6726.67,416.7248
6728.22,419.0435
6729.77,422.4227
6731.32,424.1166
6732.87,423.8879
6734.42,423.3735
6735.97,423.4414
6737.52,421.2819
6739.07,415.1592
6740.62,415.1448
6742.17,415.8506
6743.73,410.5552
6745.28,411.7653
6746.83,413.9391
6748.39,415.6223
6749.94,414.0118
6751.50,410.5693
6753.05,409.2213
6754.61,410.3691
6756.16,414.7063
6757.72,421.1249
6759.27,424.3481
6760.83,424.4099
6762.39,424.1594
6763.94,423.4113
6765.50,418.6250
6767.06,409.8051
6768.62,404.0399
6770.18,403.0982
6771.73,405.5610
6773.30,410.8080
6774.85,415.2018
6776.42,417.1099
6777.98,417.8791
6779.53,418.1787
6781.10,416.0621
6782.66,410.2103
6784.22,403.8865
6785.78,401.5176
6787.35,402.9676
6788.91,407.9451
6790.47,413.9722
6792.04,415.0995
6793.60,412.7644
6795.17,412.0291
6796.73,410.6982
6798.30,407.0768
6799.86,408.0625
6801.43,410.1232
6802.99,410.6419
6804.56,409.2964
6806.13,407.3151
6807.69,405.3293
6809.26,408.4211
6810.83,409.7321
6812.40,412.0074
6813.97,411.8640
6815.53,409.9190
6817.11,408.3525
6818.67,406.5545
6820.25,405.9294
6821.82,407.3761
6823.39,409.1828
6824.96,410.1986
6826.53,409.5438
6828.10,406.3325
6829.67,404.2852
6831.25,405.8025
6832.82,410.4309
6834.40,408.1407
6835.97,409.8905
6837.54,407.2245
6839.12,401.6400
6840.69,398.5190
6842.27,388.4531
6843.84,392.9909
6845.42,400.5251
6846.99,407.3387
6848.57,409.2657
6850.15,407.3153
6851.73,406.2797
6853.31,403.2297
6854.88,396.9866
6856.46,389.7361
6858.04,390.0550
6859.62,392.3934
6861.20,389.2445
6862.78,389.6962
6864.36,398.0639
6865.94,405.1540
6867.52,406.1963
6869.10,405.4064
6870.68,404.8410
6872.27,400.3528
6873.85,398.2843
6875.43,404.2358
6877.01,408.1803
6878.60,408.9088
6880.18,409.6124
6881.77,393.9887
6883.35,386.7470
6884.94,391.4735
6886.52,396.9965
6888.11,404.5844
6889.70,405.7841
6891.28,407.5935
6892.87,408.6176
6894.46,406.7952
6896.04,402.8708
6897.63,403.0159
6899.22,402.2089
6900.81,405.6364
6902.40,400.1762
6903.99,404.0329
6905.58,403.5598
6907.17,407.1387
6908.76,405.7546
6910.35,405.3801
6911.94,403.3225
6913.53,399.8301
6915.12,394.3816
6916.72,391.6869
6918.31,396.9129
6919.90,400.3719
6921.50,402.2414
6923.09,400.8892
6924.68,390.5919
6926.28,383.5826
6927.87,393.8478
6929.47,405.0564
6931.07,408.4470
6932.66,403.5060
6934.26,401.5553
6935.85,401.8915
6937.45,405.4454
6939.05,404.7930
6940.65,409.7784
6942.25,411.7924
6943.84,408.7986
6945.45,399.7939
6947.04,401.7369
6948.64,410.8148
6950.24,411.1923
6951.84,407.9384
6953.45,403.5002
6955.04,402.9227
6956.65,407.3221
6958.25,409.9708
6959.85,409.9172
6961.45,409.0716
6963.06,410.1302
6964.66,408.1276
6966.26,402.1710
6967.87,403.7961
6969.47,405.9136
6971.08,408.2584
6972.68,408.2010
6974.29,403.0244
6975.90,402.7124
6977.50,394.6380
6979.11,378.1516
6980.72,376.4555
6982.33,394.4804
6983.93,410.2401
6985.54,414.0842
6987.15,411.6145
6988.76,409.4065
6990.37,406.8606
6991.98,408.3221
6993.59,408.5425
6995.20,411.2982
6996.81,411.4232
6998.42,411.9911
7000.03,403.2151
7001.64,401.2466
7003.26,401.3137
7004.87,402.8038
7006.48,401.1425
7008.09,401.6975
7009.71,405.3925
7011.32,402.2284
7012.94,407.4758
7014.55,407.0820
7016.17,394.1920
7017.78,388.9260
7019.40,401.1655
7021.02,412.8521
7022.63,407.9170
7024.25,394.1498
7025.87,394.2479
7027.49,401.1755
7029.10,409.6028
7030.72,408.2451
7032.34,405.3856
7033.96,403.4241
7035.58,402.5945
7037.20,399.8469
7038.82,393.5931
7040.44,398.1909
7042.07,407.1171
7043.69,413.2361
7045.31,415.7059
7046.93,415.8917
7048.55,420.5309
7050.18,419.9610
7051.80,413.8493
7053.43,409.2565
7055.05,406.4419
7056.67,409.4385
7058.30,410.5945
7059.92,408.7185
7061.55,403.8218
7063.18,402.0522
7064.80,404.5613
7066.43,407.6367
7068.05,400.4869
7069.68,398.7362
7071.31,405.0055
7072.94,411.1219
7074.57,410.6975
7076.20,411.6739
7077.83,410.0983
7079.46,413.4634
7081.09,409.7555
7082.72,408.3428
7084.35,398.4319
7085.98,388.1501
7087.61,393.9422
7089.25,399.5073
7090.88,395.4624
7092.51,397.1655
7094.14,405.5310
7095.78,407.1717
7097.41,401.6958
7099.05,405.9403
7100.68,407.1509
7102.31,406.6808
7103.95,403.4516
7105.59,402.3555
7107.23,404.9668
7108.86,401.8460
7110.50,398.8280
7112.14,397.0091
7113.77,395.6582
7115.41,400.5639
7117.05,404.8199
7118.69,403.8340
7120.33,402.3522
7121.97,395.7077
7123.61,395.1979
7125.25,399.5923
7126.89,400.8974
7128.53,398.5465
7130.17,390.6524
7131.81,383.5699
7133.46,385.4359
7135.10,395.7827
7136.74,398.8901
7138.39,396.7509
7140.03,396.1436
7141.67,397.4561
7143.32,397.7349
7144.96,396.2951
7146.61,387.2272
7148.25,369.1576
7149.90,363.1915
7151.55,379.2528
7153.19,397.1178
7154.84,397.2597
7156.49,396.0226
7158.14,399.0626
7159.78,401.2066
7161.43,398.8974
7163.08,397.7582
7164.73,386.2987
7166.38,381.4832
7168.03,394.6542
7169.68,406.7377
7171.34,404.7317
7172.99,405.8926
7174.64,402.2446
7176.29,396.3317
7177.94,396.1128
7179.60,394.3797
7181.25,386.8496
7182.90,385.9447
7184.56,394.7415
7186.21,396.7145
7187.87,373.0554
7189.52,364.3951
7191.18,378.2698
7192.83,384.7440
7194.49,387.8181
7196.15,389.9954
7197.80,392.9806
7199.46,395.4662
7201.12,393.4973
7202.78,383.5100
7204.44,387.6576
7206.10,392.6644
7207.75,375.8752
7209.41,361.1332
7211.08,375.1661
7212.73,390.6090
7214.40,389.3884
7216.06,389.4926
7217.72,391.5084
7219.38,391.3530
7221.04,394.3699
7222.71,386.8446
7224.37,386.1827
7226.04,388.2950
7227.70,393.4626
7229.36,393.6503
7231.03,396.7572
7232.69,400.9642
7234.36,404.8869
7236.02,407.1500
7237.69,402.9887
7239.36,402.0482
7241.03,397.2998
7242.69,401.6538
7244.36,395.8867
7246.03,390.6502
7247.70,395.5496
7249.37,407.3754
7251.03,396.9165
7252.71,390.5315
7254.37,391.1416
7256.04,395.8419
7257.72,401.8308
7259.39,406.4680
7261.06,394.3254
7262.73,382.6101
7264.41,393.2812
7266.08,405.1660
7267.75,400.7657
7269.42,404.9593
7271.10,400.4499
7272.77,400.8705
7274.45,402.4211
7276.12,407.8546
7277.80,403.0024
7279.47,405.6596
7281.15,398.6508
7282.83,394.7755
7284.51,394.5510
7286.18,398.9836
7287.86,396.3111
7289.54,386.9507
7291.21,382.7698
7292.90,381.8357
7294.57,384.9462
7296.26,399.5562
7297.93,407.8435
7299.62,403.8718
7301.30,401.5292
7302.98,400.9024
7304.66,404.0733
7306.34,400.1856
7308.03,391.7650
7309.71,390.4428
7311.39,389.4790
7313.07,392.4713
7314.76,402.4249
7316.44,401.2801
7318.13,396.3838
7319.81,397.2666
7321.50,398.4235
7323.19,399.8862
7324.87,396.3935
7326.56,380.0229
7328.25,378.5173
7329.93,398.9124
7331.62,404.8707
7333.31,403.1987
7335.00,404.3841
7336.69,407.1805
7338.38,407.6669
7340.07,408.7937
7341.76,407.6153
7343.45,402.7800
7345.14,400.0738
7346.83,399.6289
7348.52,406.8597
7350.22,403.8264
7351.91,398.0936
7353.60,396.0597
7355.29,391.0267
7356.99,380.3487
7358.68,385.9672
7360.38,395.5573
7362.07,391.1893
7363.77,384.6473
7365.46,385.3963
7367.16,399.0513
7368.85,400.8011
7370.55,403.3906
7372.25,406.9009
7373.95,409.1603
7375.64,407.1023
7377.34,405.8328
7379.04,408.1523
7380.74,409.6871
7382.44,406.6749
7384.14,397.7113
7385.84,391.9460
7387.54,382.5161
7389.24,376.6710
7390.95,382.2271
7392.65,388.4335
7394.35,394.1726
7396.05,399.6680
7397.76,400.3330
7399.46,395.1268
7401.16,385.1428
7402.87,384.5233
7404.57,398.9295
7406.28,405.2967
7407.98,397.6325
7409.69,389.5277
7411.40,377.1933
7413.10,385.1782
7414.81,392.3893
7416.52,388.7074
7418.23,389.1020
7419.93,396.2600
7421.64,391.3933
7423.35,384.9185
7425.06,388.7093
7426.77,400.2361
7428.48,406.3968
7430.19,404.9073
7431.90,400.2944
7433.62,398.8334
7435.33,401.8516
7437.04,402.7375
7438.75,399.8375
7440.46,396.8737
7442.18,394.2587
7443.89,387.8802
7445.61,378.3263
7447.32,377.2530
7449.04,385.7410
7450.75,394.1821
7452.46,400.4564
7454.18,403.1899
7455.90,402.7191
7457.62,402.2613
7459.33,400.9681
7461.05,391.1771
7462.77,375.2827
7464.49,375.7218
7466.21,392.3922
7467.92,402.1253
7469.65,402.7697
7471.37,402.6994
7473.09,401.0825
7474.81,397.4039
7476.53,397.0665
7478.25,396.2787
7479.97,400.6706
7481.70,396.9411
7483.42,396.1030
7485.14,400.4096
7486.87,402.2870
7488.59,402.7060
7490.31,397.9295
7492.04,390.7545
7493.76,384.6542
7495.49,370.2935
7497.22,371.2899
7498.94,388.2016
7500.67,397.1860
7502.40,398.0931
7504.12,399.7167
7505.85,394.9366
7507.58,389.9434
7509.31,385.0474
7511.04,377.9790
7512.77,377.5236
7514.50,394.0741
7516.23,405.4030
7517.96,405.4527
7519.69,404.5940
7521.42,401.3419
7523.15,393.2408
7524.89,386.8732
7526.62,389.9922
7528.35,397.1974
7530.09,393.5460
7531.82,387.6510
7533.56,391.5029
7535.29,398.7695
7537.02,403.5066
7538.76,404.2894
7540.50,399.8001
7542.23,402.2713
7543.97,402.5329
7545.71,399.6983
7547.45,397.5381
7549.18,397.7238
7550.92,403.7979
7552.66,405.2291
7554.40,400.6257
7556.14,394.1430
7557.88,395.2602
7559.62,401.2242
7561.36,402.0964
7563.10,401.1290
7564.84,399.2342
7566.59,396.6541
7568.33,390.8240
7570.07,389.3090
7571.81,399.0606
7573.56,399.4455
7575.30,396.8952
7577.05,402.9767
7578.79,406.2320
7580.54,404.8664
7582.28,398.1400
7584.03,388.9919
7585.78,376.9560
7587.52,377.0452
7589.27,390.0560
7591.02,401.7096
7592.76,400.9927
7594.52,397.6003
7596.26,394.4139
7598.01,392.5337
7599.76,393.1837
7601.51,398.8940
7603.26,397.1723
7605.01,396.6750
7606.77,404.0051
7608.52,403.2935
7610.27,398.5887
7612.02,396.1973
7613.77,398.4848
7615.53,394.3430
7617.28,388.4701
7619.04,384.5153
7620.79,380.3764
7622.55,388.1971
7624.30,401.8216
7626.05,405.0995
7627.81,404.6017
7629.57,402.8116
7631.33,400.2658
7633.08,399.5174
7634.84,395.1389
7636.60,392.9640
7638.36,396.4200
7640.12,389.5210
7641.88,398.9444
7643.64,400.1203
7645.40,394.3168
7647.16,401.9568
7648.92,396.0317
7650.68,395.3697
7652.44,392.7489
7654.20,385.0465
7655.97,381.2809
7657.73,372.6934
7659.49,361.4159
7661.26,366.7843
7663.02,368.6665
7664.79,334.1317
7666.55,321.6173
7668.32,363.6518
7670.08,391.3434
7671.85,391.9827
7673.61,394.8017
7675.38,396.7870
7677.15,395.9109
7678.92,394.6558
7680.69,391.0270
7682.45,390.5200
7684.23,393.7497
7685.99,397.1564
7687.76,394.0179
7689.53,393.3566
7691.30,382.3340
7693.08,380.0840
7694.85,384.4102
7696.62,394.1187
7698.39,370.6901
7700.16,353.7951
7701.94,373.7801
7703.71,401.1824
7705.49,395.4803
7707.26,394.8423
7709.04,390.7551
7710.81,382.2663
7712.59,381.2995
7714.36,375.3546
7716.14,372.7694
7717.92,379.5772
7719.69,387.9161
7721.47,386.6637
7723.25,381.7380
7725.03,380.7249
7726.81,384.1634
7728.58,383.2164
7730.37,387.7973
7732.14,392.4454
7733.93,390.7489
7735.71,391.7662
7737.49,393.4193
7739.27,392.9373
7741.05,393.4383
7742.84,389.6762
7744.62,386.3738
7746.40,387.8259
7748.18,373.6352
7749.97,362.5599
7751.75,377.9958
7753.54,388.1154
7755.33,392.0315
7757.11,389.6091
7758.90,389.6881
7760.68,388.5919
7762.47,387.3152
7764.26,392.2268
7766.04,390.7983
7767.84,392.1872
7769.62,391.1851
7771.41,391.4083
7773.20,389.5104
7774.99,392.4913
7776.78,394.2762
7778.57,391.4980
7780.37,381.3573
7782.16,375.3475
7783.95,383.9803
7785.74,393.0947
7787.54,389.5710
7789.33,382.5673
7791.12,378.4457
7792.92,387.4107
7794.71,391.4195
7796.51,388.3662
7798.30,381.4450
7800.10,380.5611
7801.89,382.3404
7803.69,387.3408
7805.49,391.5824
7807.28,388.3764
7809.08,382.2323
7810.88,378.3996
7812.68,379.1449
7814.48,383.8299
7816.28,390.6414
7818.08,390.7991
7819.88,391.0962
7821.68,390.7364
7823.48,390.6756
7825.28,391.3377
7827.08,390.0669
7828.88,387.6059
7830.69,385.0041
7832.49,368.7255
7834.30,362.7435
7836.10,364.8157
7837.91,372.8333
7839.71,382.5139
7841.51,387.1457
7843.32,386.8297
7845.13,386.5296
7846.93,387.7459
7848.74,385.6465
7850.55,381.9862
7852.36,382.2497
7854.17,384.3462
7855.97,381.1606
7857.78,384.0137
7859.59,385.9107
7861.40,387.5027
7863.21,386.8631
7865.02,385.7513
7866.84,390.0576
7868.65,388.9190
7870.46,384.9084
7872.27,384.0155
7874.08,384.1350
7875.90,386.6601
7877.71,384.1595
7879.53,383.6077
7881.34,382.2977
7883.15,380.8615
7884.97,382.4426
7886.78,387.1846
7888.60,384.2654
7890.42,385.9242
7892.24,385.3994
7894.05,384.0049
7895.87,381.1883
7897.69,381.5569
7899.51,382.5072
7901.33,382.2203
7903.15,380.9349
7904.97,379.6485
7906.79,381.9965
7908.61,382.2515
7910.43,379.9661
7912.25,373.9357
7914.07,374.8116
7915.89,375.8363
7917.72,378.5494
7919.54,376.3914
7921.36,380.1914
7923.19,381.5935
7925.01,380.3733
7926.84,381.6514
7928.66,376.2869
7930.49,375.2089
7932.32,369.4692
7934.14,371.1237
7935.97,371.9186
7937.80,358.2590
7939.63,357.4478
7941.45,367.8280
7943.28,367.8954
7945.11,356.4691
7946.94,351.2187
7948.77,360.3136
7950.60,374.9218
7952.43,380.4314
7954.26,380.9612
7956.10,380.6886
7957.93,380.4895
7959.76,378.7877
7961.59,377.3685
7963.43,373.3794
7965.26,377.9225
7967.09,382.6108
7968.93,381.7372
7970.76,379.7382
7972.60,380.5023
7974.44,382.0602
7976.27,381.4569
7978.11,377.0726
7979.95,375.6732
7981.79,378.2505
7983.62,382.0918
7985.46,387.4807
7987.30,385.8383
7989.14,380.0099
7990.98,381.2577
7992.82,383.7365
7994.66,379.5600
7996.50,373.6827
7998.34,365.8587
8000.18,357.4701
8002.03,363.6718
8003.87,378.7385
8005.71,379.8154
8007.56,382.0028
8009.40,381.8774
8011.25,380.6605
8013.09,382.8313
8014.93,383.0839
8016.78,385.8420
8018.63,381.4347
8020.47,381.0030
8022.32,377.8934
8024.17,377.8011
8026.02,372.6792
8027.86,363.3824
8029.71,365.0582
8031.56,373.7534
8033.41,384.3974
8035.26,381.0620
8037.11,380.6503
8038.96,380.0647
8040.81,381.0177
8042.67,382.0236
8044.52,377.1695
8046.37,357.5739
8048.22,351.6198
8050.08,362.6158
8051.93,372.2871
8053.78,375.3662
8055.64,372.7268
8057.49,376.3788
8059.35,381.3144
8061.20,382.5768
8063.06,380.6009
8064.92,379.5948
8066.77,378.7546
8068.63,373.7399
8070.49,370.2314
8072.35,370.7125
8074.21,368.9256
8076.07,369.2422
8077.93,374.3625
8079.79,373.7552
8081.65,371.3970
8083.51,370.3120
8085.37,366.8871
8087.23,363.9977
8089.10,371.8410
8090.96,375.8002
8092.82,369.1462
8094.69,364.1896
8096.55,368.5980
8098.42,363.0434
8100.28,363.5441
8102.15,369.0845
8104.01,374.9172
8105.87,375.5111
8107.74,375.7427
8109.61,372.5278
8111.48,376.0042
8113.35,374.1287
8115.22,372.8393
8117.08,364.5581
8118.95,364.1872
8120.82,374.1822
8122.69,377.2026
8124.56,378.2642
8126.43,373.2526
8128.31,371.0826
8130.18,372.5054
8132.05,373.0304
8133.92,373.5118
8135.79,375.3892
8137.67,375.8881
8139.54,373.8459
8141.42,371.0268
8143.29,368.8751
8145.17,368.9049
8147.04,369.1021
8148.92,373.1127
8150.80,369.0926
8152.67,370.6626
8154.55,373.8203
8156.43,373.2152
8158.31,371.9717
8160.19,370.4814
8162.06,359.4411
8163.94,362.1201
8165.82,368.6257
8167.71,369.2236
8169.58,370.7911
8171.47,366.2243
8173.35,368.3932
8175.23,369.0526
8177.11,369.0186
8178.99,365.4750
8180.88,360.9078
8182.76,336.2710
8184.65,315.6729
8186.53,335.0319
8188.42,357.6186
8190.30,361.4211
8192.19,368.2015
8194.08,336.9755
8195.96,301.8959
8197.85,320.4053
8199.74,352.7707
8201.62,358.3594
8203.52,368.3325
8205.40,363.9218
8207.30,358.3839
8209.18,362.3349
8211.08,360.5584
8212.97,357.5054
8214.85,352.9554
8216.75,365.0501
8218.64,364.5519
8220.53,345.6785
8222.43,340.1400
8224.32,364.0565
8226.21,375.3667
8228.11,370.0632
8230.00,367.2769
8231.90,359.4030
8233.80,356.5214
8235.69,365.3966
8237.59,366.0660
8239.48,364.2849
8241.38,365.6404
8243.28,371.0042
8245.18,374.9307
8247.08,371.8678
8248.97,363.5431
8250.88,367.1347
8252.77,372.2429
8254.67,370.6414
8256.58,367.9922
8258.48,367.3742
8260.38,371.8237
8262.28,376.5039
8264.19,368.0324
8266.09,369.6069
8267.99,367.3630
8269.90,369.0518
8271.80,368.4237
8273.71,366.7567
8275.61,363.6529
8277.52,365.5388
8279.42,368.1927
8281.33,373.5134
8283.24,367.9708
8285.14,370.9562
8287.05,366.3943
8288.96,369.1460
8290.87,362.9167
8292.78,363.7042
8294.69,363.0486
8296.60,363.6980
8298.51,364.8154
8300.42,363.3633
8302.33,366.8025
8304.24,366.6399
8306.15,358.2609
8308.07,356.6735
8309.98,359.1761
8311.89,358.7804
8313.81,369.8080
8315.72,372.5464
8317.64,367.1181
8319.55,368.0757
8321.47,370.9428
8323.39,368.4665
8325.30,359.5573
8327.22,336.1083
8329.14,330.3586
8331.06,346.5815
8332.97,344.6582
8334.89,348.6691
8336.81,356.1388
8338.73,357.9375
8340.65,351.7778
8342.57,358.0096
8344.50,359.1648
8346.41,354.2813
8348.34,350.2116
8350.26,361.3016
8352.18,365.4467
8354.11,364.6548
8356.03,360.4448
8357.96,363.9137
8359.88,356.9222
8361.81,361.7221
8363.73,353.7896
8365.65,346.1820
8367.58,352.7920
8369.51,364.5462
8371.44,365.2110
8373.36,359.7601
8375.29,360.8796
8377.22,357.4991
8379.15,350.1087
8381.08,355.2024
8383.01,348.8959
8384.94,344.6452
8386.87,343.2352
8388.80,323.3424
8390.73,336.0938
8392.67,358.5896
8394.60,359.4397
8396.53,354.3310
8398.47,350.7757
8400.40,356.1917
8402.34,354.6958
8404.27,362.1875
8406.20,362.7569
8408.14,363.3412
8410.08,362.2058
8412.02,354.6171
8413.95,348.6416
8415.89,357.0930
8417.83,357.4846
8419.76,355.9241
8421.70,358.2129
8423.64,355.3420
8425.58,351.6480
8427.52,346.2747
8429.47,352.9392
8431.41,358.6048
8433.35,356.9653
8435.29,331.1426
8437.23,323.3712
8439.18,337.1125
8441.12,340.6682
8443.06,351.2057
8445.01,354.6959
8446.95,352.7027
8448.90,350.2500
8450.84,347.8043
8452.79,348.0447
8454.73,357.9200
8456.68,350.3604
8458.63,353.4301
8460.58,351.1800
8462.53,358.3190
8464.47,358.3807
8466.42,351.3887
8468.37,334.8141
8470.33,334.9490
8472.27,348.8974
8474.23,355.6623
8476.18,361.1279
8478.13,359.7015
8480.08,353.8275
8482.03,348.3254
8483.99,349.9409
8485.94,353.6022
8487.90,353.5748
8489.85,355.5413
8491.80,357.8590
8493.76,354.0866
8495.71,342.5179
8497.67,299.6987
8499.63,274.9732
8501.59,310.6475
8503.54,345.6144
8505.50,352.2992
8507.46,355.6467
8509.42,357.3794
8511.38,357.6419
8513.34,346.0879
8515.30,324.0817
8517.26,325.4101
8519.22,336.2957
8521.19,341.8874
8523.15,347.5117
8525.11,348.7384
8527.07,345.1841
8529.04,345.6963
8531.00,347.7608
8532.96,349.7050
8534.93,346.0333
8536.89,333.7452
8538.86,314.0239
8540.83,266.8135
8542.80,213.0415
8544.76,227.0315
8546.73,282.9664
8548.70,314.5873
8550.67,335.5200
8552.64,343.4833
8554.60,347.4156
8556.58,343.6385
8558.55,346.1197
8560.51,348.8479
8562.49,350.1593
8564.46,350.0023
8566.43,354.0593
8568.40,348.7039
8570.38,354.5786
8572.35,349.5428
8574.32,350.2694
8576.30,352.3706
8578.27,352.9825
8580.25,355.2027
8582.23,348.8717
8584.21,344.5452
8586.18,351.2516
8588.16,351.9865
8590.14,353.7318
8592.11,353.0001
8594.09,351.8959
8596.07,351.4996
8598.05,348.7286
8600.03,348.3298
8602.01,352.9879
8603.99,353.0974
8605.97,354.6259
8607.96,349.2743
8609.94,349.3405
8611.92,337.3500
8613.90,336.6371
8615.89,345.2209
8617.87,348.5210
8619.85,348.9316
8621.84,348.8890
8623.83,343.2458
8625.81,348.4899
8627.80,353.7151
8629.79,353.2708
8631.77,351.6516
8633.76,352.3085
8635.75,352.3981
8637.74,353.7589
8639.73,358.4570
8641.72,354.8427
8643.71,354.5610
8645.70,351.4236
8647.69,350.2908
8649.68,346.9681
8651.67,347.7684
8653.66,343.8793
8655.66,344.9802
8657.65,333.3012
8659.64,316.1804
8661.64,261.4265
8663.63,225.7710
8665.63,263.4909
8667.62,317.2598
8669.62,336.2274
8671.62,340.5883
8673.61,334.8988
8675.61,324.7214
8677.61,328.1696
8679.60,344.1871
8681.61,348.9446
8683.60,342.0977
8685.61,342.7397
8687.60,326.7371
8689.60,296.5074
8691.61,309.8241
8693.61,334.1170
8695.61,346.0383
8697.61,346.6739
8699.62,341.3252
8701.62,343.0340
8703.62,343.2763
8705.63,347.2359
8707.63,348.2831
8709.64,345.6935
8711.64,334.2675
8713.65,332.3686
8715.65,339.8069
8717.66,341.9807
8719.67,341.8775
8721.68,344.8521
8723.69,349.1813
8725.69,349.9738
8727.71,347.0464
8729.71,344.1962
8731.72,341.2397
8733.74,343.0211
8735.74,336.2352
8737.76,324.2302
8739.77,342.4877
8741.78,341.7375
8743.80,342.5255
8745.81,346.9925
8747.82,345.8197
8749.84,346.9522
8751.85,347.5790
8753.87,342.8339
8755.89,341.4452
8757.90,336.9712
8759.92,337.0014
8761.93,344.8153
8763.95,335.4724
8765.97,333.3345
8767.99,343.1558
8770.01,349.8873
8772.03,342.1776
8774.05,325.7576
8776.07,326.8182
8778.09,342.7184
8780.11,338.5802
8782.13,346.7367
8784.16,346.1096
8786.18,342.7521
8788.20,348.2986
8790.23,347.2571
8792.25,340.1166
8794.27,330.9565
8796.30,334.8564
8798.33,346.6165
8800.35,343.6013
8802.38,339.9008
8804.40,328.2872
8806.43,291.5415
8808.46,275.9660
8810.49,310.0658
8812.52,340.1010
8814.55,343.5256
8816.58,346.0687
8818.61,342.5960
8820.64,343.3405
8822.67,333.0152
8824.70,311.3483
8826.73,314.2286
8828.77,341.9144
8830.80,336.1260
8832.83,343.3011
8834.86,345.7958
8836.90,348.8820
8838.93,337.0837
8840.97,333.1819
8843.01,344.0347
8845.05,343.1257
8847.08,342.8316
8849.12,340.6914
8851.16,342.1551
8853.19,345.3088
8855.23,346.7089
8857.27,345.0190
8859.31,346.6483
8861.35,346.1118
8863.39,338.4562
8865.43,332.3112
8867.47,321.3577
8869.52,308.8950
8871.56,325.4828
8873.60,329.3391
8875.65,330.4885
8877.69,327.3659
8879.74,330.9660
8881.78,333.2516
8883.83,342.2713
8885.87,344.4153
8887.92,338.1187
8889.96,342.0282
8892.01,338.2903
8894.06,334.7592
8896.11,342.5555
8898.16,339.7057
8900.20,344.0384
8902.26,342.3701
8904.30,343.1640
8906.36,344.1767
8908.41,344.8873
8910.46,342.8747
8912.51,341.2263
8914.56,340.7160
8916.62,339.6938
8918.67,337.2838
8920.72,334.1062
8922.78,338.3737
8924.83,329.5191
8926.89,335.9789
8928.94,331.5286
8931.00,334.5317
8933.05,339.1171
8935.11,340.6568
8937.17,340.2046
8939.23,347.1139
8941.29,342.2940
8943.34,336.8551
8945.41,328.4386
8947.46,326.8796
8949.53,330.5554
8951.59,338.8451
8953.65,340.2821
8955.71,340.6993
8957.77,341.8936
8959.84,346.6380
8961.90,342.8643
8963.96,341.5188
8966.03,334.5293
8968.09,334.3605
8970.16,335.3744
8972.22,331.9662
8974.29,334.2533
8976.35,324.2621
8978.42,328.1519
8980.49,334.0550
8982.56,340.0222
8984.63,338.9821
8986.69,334.2391
8988.77,332.4396
8990.83,330.1828
8992.91,334.5774
8994.98,336.0963
8997.05,332.3162
8999.12,320.6815
9001.19,308.1479
9003.27,323.6047
9005.34,338.4958
9007.41,329.2160
9009.49,321.0594
9011.56,308.9544
9013.64,315.4097
9015.71,319.4950
9017.79,313.9447
9019.86,320.1067
9021.94,324.7366
9024.02,314.7260
9026.09,322.1042
9028.18,329.2029
9030.25,333.7934
9032.34,336.9717
9034.41,336.4539
9036.50,335.8254
9038.58,335.0958
9040.65,339.0456
9042.74,338.4362
9044.82,344.4285
9046.91,343.9872
9048.99,340.3285
9051.07,339.8123
9053.16,340.4707
9055.24,343.7624
9057.33,338.6130
9059.41,340.4066
9061.50,337.4427
9063.58,331.5470
9065.67,335.6965
9067.76,336.7921
9069.85,333.4796
9071.94,335.4534
9074.02,334.6831
9076.12,337.0973
9078.20,333.4691
9080.30,326.1339
9082.39,328.2827
9084.48,329.2559
9086.57,328.4893
9088.66,307.0082
9090.76,299.7275
9092.85,317.7477
9094.95,331.5943
9097.04,331.2640
9099.14,329.5792
9101.23,323.0776
9103.32,328.8447
9105.42,331.4091
9107.52,328.4019
9109.62,329.3812
9111.71,335.0089
9113.81,328.9098
9115.91,330.3051
9118.01,321.0042
9120.11,322.0009
9122.21,330.5682
9124.31,333.4038
9126.41,330.5787
9128.51,330.3587
9130.61,331.2634
9132.71,327.8565
9134.82,330.5587
9136.92,329.3555
9139.03,325.7464
9141.13,323.9188
9143.24,324.5740
9145.34,326.5435
9147.45,314.2756
9149.56,315.8096
9151.66,320.0052
9153.77,323.8205
9155.88,324.1735
9157.99,323.2632
9160.10,318.0860
9162.20,327.0528
9164.32,320.9137
9166.42,316.8074
9168.54,315.1354
9170.65,314.2556
9172.76,315.0081
9174.87,310.3805
9176.98,317.5239
9179.10,327.7435
9181.21,329.1812
9183.33,329.0236
9185.44,327.1094
