trksub,digest2_feed_score,V,H,nobs,arc_days,not_seen_dys,followup_status,p_real_neo
P12omkz,100,21.3,23.9,13,6.97,1.391,tracked,0.9403353906675326
P22orSC,98,21.2,26.7,10,0.19,0.783,needs_followup,0.9316124982563689
P22orV3,100,21.5,24.8,10,0.87,0.078,needs_followup,0.9313695637851758
P22pBcw,98,20.8,23.0,8,0.43,0.036,needs_followup,0.9249479339423364
CERW3K2,98,21.1,26.3,10,0.12,0.099,needs_followup,0.9245150540484218
P22orV1,100,21.7,23.3,8,0.79,0.17,needs_followup,0.9232132137479178
P12nXcf,100,21.3,24.0,17,1.02,1.428,tracked,0.9220174775477461
P12nXce,100,21.1,21.5,9,1.02,1.433,tracked,0.9216269271400139
C1G0NL5,98,22.2,26.9,8,0.1,0.075,needs_followup,0.9173380548854444
C1GCUH5,98,21.9,25.5,8,0.25,0.061,needs_followup,0.9171606542164205
P22orYE,98,21.3,26.0,9,0.84,0.077,needs_followup,0.916997155100054
P12o4v9,84,20.8,21.4,16,3.16,0.355,tracked,0.9168921137427716
C1GCUD5,100,21.4,24.8,9,0.14,0.167,needs_followup,0.9156805872192958
P22qpI8,100,21.1,24.4,9,0.14,0.376,needs_followup,0.9150888136540467
CERUVF2,100,21.4,26.8,8,0.06,0.082,needs_followup,0.9149065242986143
CETWKW2,100,21.7,21.9,10,0.08,0.05,needs_followup,0.9140766122940714
C1G02U5,98,22.0,25.0,8,0.1,0.077,needs_followup,0.9132204049965919
CET5352,100,21.8,25.1,8,0.07,0.155,needs_followup,0.9126514521534671
CETFPR2,100,21.2,25.2,8,0.11,0.092,needs_followup,0.9118137458370231
CET9FH2,100,21.2,22.3,8,0.09,0.157,needs_followup,0.911785807778995
CEU71P2,100,21.1,23.9,8,0.03,0.085,needs_followup,0.911623577940922
P12o0Y1,100,21.3,22.4,12,18.41,0.995,tracked,0.9113772914538996
CER6EZ2,98,21.3,27.3,10,0.11,0.068,needs_followup,0.9112701933737788
P12pq1T,98,21.1,26.7,8,0.2,0.12,needs_followup,0.9111390274907247
CET7R32,100,21.4,23.0,10,0.11,0.16,needs_followup,0.9103337051391563
C1FNNZ5,100,21.5,24.7,7,0.11,0.312,needs_followup,0.9096647575824122
C1FNG55,100,21.1,24.0,8,0.11,0.314,needs_followup,0.9077406019060993
C1FZWE5,98,22.4,27.2,8,0.12,0.083,needs_followup,0.9069896193105537
P12qbsk,98,20.7,26.5,5,0.1,0.352,needs_followup,0.9068445881765768
P22pwAY,98,20.3,26.3,10,0.4,0.017,needs_followup,0.9068135237677432
C1FZNV5,100,22.4,25.1,8,0.11,0.136,needs_followup,0.9066915892407281
C1G22X5,100,21.5,21.6,8,0.06,0.011,needs_followup,0.9064492913336976
C1G1LY5,100,22.0,25.6,8,0.08,0.026,needs_followup,0.9054524512062871
CETY4Z2,98,21.1,26.4,12,0.09,0.466,needs_followup,0.9030930267744766
P12pL60,100,20.4,22.9,11,0.56,0.514,needs_followup,0.9026145697122904
C1FZMH5,98,22.7,26.2,8,0.11,0.111,needs_followup,0.9021312699285294
P22pEMB,100,20.9,23.0,7,0.1,0.204,needs_followup,0.9019253956506538
P22pRlI,100,21.0,25.6,5,0.11,0.283,needs_followup,0.9016831829361817
C1G3G75,100,21.7,24.1,7,0.06,0.013,needs_followup,0.9015015000998469
C1FZZQ5,96,21.9,22.8,8,0.12,0.08,needs_followup,0.9013667378919684
P12qpYq,100,20.8,25.4,5,0.18,0.334,needs_followup,0.9002208844803824
P22qbsL,98,20.4,28.0,9,0.37,0.055,needs_followup,0.900036521203293
CEU5QM2,100,20.3,22.8,12,0.1,0.141,needs_followup,0.899937975130364
CETLFP2,100,21.3,23.8,7,0.08,0.079,needs_followup,0.8999141497913228
P12owCE,100,20.3,24.5,14,0.12,0.358,needs_followup,0.8997832136064421
P22pEJK,100,21.4,24.0,6,0.12,0.261,needs_followup,0.8994862386738949
P22osb9,98,20.3,24.1,9,0.82,0.013,needs_followup,0.899240129189286
CETZZT2,100,21.2,25.4,9,0.11,0.409,needs_followup,0.8988716141965483
C1G5A65,100,21.9,24.3,7,0.1,0.099,needs_followup,0.8978087338207787
P12os2P,100,19.9,25.5,6,0.08,0.829,needs_followup,0.8977008363740828
P12oVVb,100,21.0,24.3,6,0.12,0.23,needs_followup,0.8975027877061029
P22pEMC,98,20.0,26.5,6,0.1,0.204,needs_followup,0.8961203091575077
P22pZoy,100,21.8,24.4,5,0.07,0.341,needs_followup,0.8949376322587849
C1G1MZ5,100,22.1,31.2,7,0.07,0.034,needs_followup,0.8948370635298559
P22pwGH,100,20.5,22.9,5,0.13,0.228,needs_followup,0.8947784957564321
CERTAV2,100,20.9,23.6,8,0.07,0.112,needs_followup,0.894595013425203
CETF0M2,100,20.7,25.5,8,0.11,0.089,needs_followup,0.8943262443219431
P22pBfO,98,20.6,23.5,7,0.4,0.015,needs_followup,0.8935069002896822
CEU0DF2,100,22.3,22.4,7,0.07,0.418,needs_followup,0.8930880694229695
CERRK32,100,20.6,27.1,12,0.06,0.139,needs_followup,0.8925014244774424
P22pRlG,100,20.2,23.4,6,0.11,0.281,needs_followup,0.8923629729922699
WMT0006,92,21.3,23.7,20,1.03,0.505,tracked,0.8923305360547179
CER27D2,98,20.6,26.1,18,0.18,0.065,needs_followup,0.8922898233587868
CET9T32,100,21.1,26.1,7,0.07,0.151,needs_followup,0.8913864246125573
P22pZwJ,100,21.0,23.8,6,0.09,0.282,needs_followup,0.8913599714476756
P22pl34,100,21.4,21.5,5,0.13,0.184,needs_followup,0.8912349978458681
P12qpOI,100,21.1,24.3,5,0.11,0.378,needs_followup,0.8910786929275937
CERTMY2,100,21.0,27.1,7,0.04,0.102,needs_followup,0.8910625914007421
CETX0U2,98,21.3,26.5,10,0.1,0.008,needs_followup,0.8904818066347163
CEQW1L2,100,20.5,29.4,8,0.07,0.135,needs_followup,0.8903180915721651
CER1G32,98,20.8,26.0,13,0.15,0.142,needs_followup,0.8892203012383061
CETWJ92,100,21.6,24.7,8,0.06,0.068,needs_followup,0.8889781749195961
P12oEEW,98,20.5,27.0,6,0.58,0.202,needs_followup,0.8885311570658656
Sar2911,98,21.0,27.1,18,0.24,0.291,needs_followup,0.88705223087844
P22pZcb,100,21.0,22.2,10,0.24,0.226,needs_followup,0.8869017380581411
CETL5M2,100,20.9,26.1,7,0.04,0.113,needs_followup,0.8857590917257014
P22oZtr,100,20.8,21.8,5,0.09,0.155,needs_followup,0.8855276819579954
CET5572,100,21.0,24.5,7,0.07,0.152,needs_followup,0.8851638761359647
P12qt4R,98,20.4,27.8,7,0.54,0.038,needs_followup,0.8844046146293492
CETECY2,98,20.5,27.5,12,0.13,0.064,needs_followup,0.8839651764026497
P22pWJw,100,21.0,24.2,6,0.12,0.281,needs_followup,0.8835934397380337
P22pRlH,100,20.9,24.0,6,0.1,0.286,needs_followup,0.8832683214422048
P22oOek,100,20.1,23.7,6,0.11,0.189,needs_followup,0.8831240000392355
ZTF10F9,98,18.4,26.3,9,0.54,0.05,needs_followup,0.8820261981333573
P12owMV,100,21.5,22.6,5,0.12,0.24,needs_followup,0.8815181376684534
CETWMC2,98,20.9,26.5,7,0.18,0.352,needs_followup,0.8808071917694488
CETULV2,100,21.2,21.5,8,0.07,0.006,needs_followup,0.8806737700500381
C1FTJV5,100,20.5,25.5,8,0.1,0.284,needs_followup,0.8803411409484156
P22pZwM,98,21.7,22.4,6,0.1,0.285,needs_followup,0.8802787329430123
CEQJF02,98,20.9,27.2,11,0.63,0.989,needs_followup,0.8798769045043948
P22pEvZ,98,20.1,26.8,7,0.16,0.315,needs_followup,0.8793792971259745
P22oG5h,100,20.4,22.3,5,0.13,0.225,needs_followup,0.8788690764315363
C46K4Z1,100,19.4,26.5,11,0.06,0.132,needs_followup,0.8788207464912766
CER1D52,98,20.5,26.9,11,0.08,0.212,needs_followup,0.8785612217421035
CEU4JA2,100,20.9,22.6,7,0.1,0.236,needs_followup,0.878187486668348
P12oO5A,98,19.1,26.9,6,0.13,0.254,needs_followup,0.8779917183451157
ST26H80,100,18.0,24.5,6,0.1,0.409,needs_followup,0.8776075883653751
P22pEMA,98,20.8,26.8,6,0.1,0.201,needs_followup,0.8767686043043456
C46H8F1,100,19.0,26.4,11,0.08,0.031,needs_followup,0.8760990129592089
CERV9W2,98,21.6,22.3,10,0.08,0.01,needs_followup,0.8759969540219433
P22pEvY,100,21.2,24.8,6,0.15,0.315,needs_followup,0.875694435763557
CERCH82,98,18.5,23.8,11,0.1,0.031,needs_followup,0.8742734157652409
C1FZKW5,100,22.3,22.6,6,0.05,0.193,needs_followup,0.8741570146722278
CEU6ZZ2,100,21.2,22.1,8,0.04,0.102,needs_followup,0.8729823075645008
CETR0X2,98,20.9,24.0,8,0.1,0.021,needs_followup,0.8728428445921136
ZTF10GA,88,18.9,27.8,17,0.58,0.015,needs_followup,0.8723863033922712
CETXPF2,100,21.6,22.8,8,0.11,0.518,needs_followup,0.8723480913839525
P22oZts,100,20.9,25.3,5,0.08,0.16,needs_followup,0.8721427300631881
P12oO5B,98,19.4,28.4,7,0.12,0.253,needs_followup,0.8717988683460154
X89853,100,20.3,24.6,8,2.57,0.317,tracked,0.8710318761839856
C46JQC1,100,18.7,25.4,9,0.08,0.084,needs_followup,0.8708411552502991
C46K3Z1,100,18.9,26.6,16,0.06,0.156,needs_followup,0.8707922977276185
P22pvNY,100,20.6,25.3,9,0.29,0.111,needs_followup,0.8706027965627331
C46K4N1,100,18.4,25.5,11,0.08,0.12,needs_followup,0.8701527153300339
CERNQ52,100,19.4,33.4,5,0.04,0.018,needs_followup,0.8674544221275071
ST26H70,100,19.0,24.5,8,0.08,0.395,needs_followup,0.8674309595739143
P12onNt,100,20.1,25.2,10,1.85,0.561,tracked,0.866074976886513
P22qbsK,98,19.5,27.3,6,0.09,0.345,needs_followup,0.8658580401016461
P12oO4k,98,19.8,26.2,5,0.17,0.257,needs_followup,0.8657044643939761
C1FVXQ5,100,20.8,28.1,7,0.04,0.43,needs_followup,0.8647657165143652
A11F0Hv,86,17.2,27.6,18,5.14,0.295,tracked,0.8644201991461212
CETW412,100,20.9,23.6,8,0.08,0.109,needs_followup,0.8642178878717113
ST26H53,100,18.4,25.8,10,0.07,0.413,needs_followup,0.8639843042333718
CEU0412,100,20.3,23.4,6,0.06,0.432,needs_followup,0.8638914803750478
P22ooOs,100,21.9,22.5,5,0.07,0.38,needs_followup,0.8635454426123649
ST26H15,100,19.4,26.0,7,0.05,0.047,needs_followup,0.8629138386148988
C46K681,98,19.9,24.7,13,0.09,0.078,needs_followup,0.862097648354188
ZTF10Ek,100,19.5,24.8,5,0.99,0.662,needs_followup,0.861964009773183
Sar2915,88,19.8,27.7,23,0.81,0.289,needs_followup,0.8617478766951248
CERUZ22,100,21.2,27.0,14,0.08,0.097,needs_followup,0.8616457883288339
ST26H35,98,20.0,27.0,12,0.17,0.338,needs_followup,0.8616080708290317
CERRLT2,98,19.8,26.3,10,0.1,0.105,needs_followup,0.8613173411466379
ST26G72,98,19.4,27.3,8,0.11,0.014,needs_followup,0.8609130926204168
P12owDv,100,20.1,24.2,10,0.19,0.236,needs_followup,0.8607628025006322
ST26H37,100,19.9,24.0,8,0.11,0.369,needs_followup,0.8607438959503801
CETKKY2,100,19.6,25.1,15,0.08,0.086,needs_followup,0.860731891010905
ZTF10Eq,100,20.0,26.5,6,0.05,0.446,needs_followup,0.8604888730166008
CERENX2,100,19.6,24.2,8,0.07,0.062,needs_followup,0.8599050534387207
CERGNJ2,100,19.4,27.7,7,0.06,0.054,needs_followup,0.8597811574631047
P22pWJx,98,22.1,22.3,5,0.13,0.274,needs_followup,0.859358107765867
CERGNH2,100,19.5,24.6,8,0.05,0.061,needs_followup,0.8589940706240139
C46K4H1,100,19.2,24.7,16,0.11,0.104,needs_followup,0.8588226457232979
ST26H01,98,18.8,27.9,8,0.11,0.029,needs_followup,0.8587715150976967
CERV6T2,100,20.1,25.9,14,0.07,0.037,needs_followup,0.8587195877394528
CEQZ132,100,20.0,22.7,7,0.07,0.083,needs_followup,0.857505548076482
ST26H25,100,19.3,23.5,13,0.33,0.212,needs_followup,0.8574140504610088
P12owDw,100,19.9,25.5,8,0.13,0.278,needs_followup,0.8564096286959781
PDO0160,100,21.4,25.7,5,0.52,0.364,needs_followup,0.8561772204025394
CETNQG2,97,22.1,21.6,8,0.07,0.066,needs_followup,0.8552611708620877
P12o4wj,100,21.7,22.0,7,0.04,0.418,needs_followup,0.8543265306577736
P22qbqK,98,19.2,28.7,27,0.45,0.025,needs_followup,0.8531763527966777
ST26H81,98,19.2,27.5,6,0.1,0.353,needs_followup,0.8528369374936843
ST26H67,86,19.9,27.3,21,0.92,0.086,needs_followup,0.8524600786986432
ST26G73,98,19.5,24.2,6,0.11,0.008,needs_followup,0.8517155572400746
P22pWJz,100,20.3,25.2,8,0.13,0.276,needs_followup,0.8497074649418923
Sar2903,96,20.6,26.7,24,0.43,0.089,needs_followup,0.8494689901386818
C46HM51,100,18.8,28.4,11,0.04,0.184,needs_followup,0.8483538097604161
CETXJH2,100,21.5,25.2,7,0.04,0.037,needs_followup,0.8481457356681494
CETEPZ2,98,20.2,27.0,8,0.09,0.105,needs_followup,0.8480386582651899
MRfB109,100,21.4,21.3,6,3.07,0.926,tracked,0.8480055134894867
P22pL3U,100,21.8,21.9,3,0.03,0.107,needs_followup,0.8478659297696038
6J31D21,100,20.7,21.7,5,0.09,0.128,needs_followup,0.8474513386411513
CER6YZ2,99,21.7,23.0,11,0.1,0.079,needs_followup,0.846223305228977
P22orSB,98,21.6,27.1,5,0.12,0.857,needs_followup,0.8458982721792219
gb00866,86,19.7,27.5,18,0.83,0.288,needs_followup,0.8452880779274398
Sar2906,100,20.8,28.6,9,0.06,0.322,needs_followup,0.8447262236655498
P12pZb4,100,21.2,22.9,6,0.13,0.335,needs_followup,0.8442014731874516
C46JM11,100,18.7,28.4,10,0.06,0.154,needs_followup,0.8440109468818559
C46L7Z1,98,18.5,27.5,15,0.1,0.406,needs_followup,0.8439882735098491
CEQKE72,97,21.1,22.5,7,0.64,0.058,needs_followup,0.8420524152550749
P22ppYG,100,20.2,28.3,6,0.04,0.32,needs_followup,0.841499228209818
Sar2909,100,20.8,23.7,26,0.24,0.392,needs_followup,0.8413806695724263
ZTF10FZ,100,19.1,25.9,4,0.07,0.403,needs_followup,0.8413559132487269
ST26H91,98,19.0,27.2,6,0.2,0.276,needs_followup,0.8410315801880717
XAafbXA,100,20.4,25.3,19,0.49,0.143,needs_followup,0.8407949220296214
P22papF,100,21.5,24.9,4,0.03,0.394,needs_followup,0.8404206465365557
P12oZj5,100,20.0,24.1,6,0.11,0.21,needs_followup,0.8401577844124556
ST26G46,98,19.2,26.5,11,0.29,0.243,needs_followup,0.839973731321935
CERVT62,98,19.9,27.9,14,0.09,0.157,needs_followup,0.8393152382520216
C1FVC25,100,20.9,24.0,7,0.04,0.294,needs_followup,0.8392836746587679
Sar2907,98,20.5,26.0,26,0.24,0.312,needs_followup,0.8391559055794625
ST26G56,100,19.7,26.9,4,0.03,0.418,needs_followup,0.8389334350754327
P12nXcA,80,20.0,22.7,15,1.76,0.699,tracked,0.8386036852632847
ZTF10G6,76,19.8,26.6,16,1.76,0.436,tracked,0.8382956119432513
gb00856,98,20.6,26.5,16,0.37,0.057,needs_followup,0.8377888455576308
P22orYF,100,21.7,23.6,6,0.09,0.826,needs_followup,0.83612557630028
P12pRxF,98,19.4,24.7,9,0.44,0.046,needs_followup,0.8357103912543806
CEU0822,100,21.6,22.8,8,0.08,0.414,needs_followup,0.8356359816461075
P12payR,100,20.2,24.7,3,0.04,0.259,needs_followup,0.8351346558515749
CET5FY2,100,20.1,25.4,8,0.06,0.141,needs_followup,0.8339263105367146
P12qfMd,100,20.5,23.1,5,0.06,0.386,needs_followup,0.8337922420700343
P22pEwm,97,21.6,22.1,5,0.15,0.314,needs_followup,0.8329685249390668
CERCR62,97,21.4,24.9,7,0.07,0.063,needs_followup,0.8327663734570834
P12p4HF,99,21.2,22.8,6,0.14,0.155,needs_followup,0.8319975297035263
ST26G86,100,18.7,25.6,6,0.02,0.011,needs_followup,0.8316800204762314
P12pfvQ,100,20.6,24.7,3,0.04,0.286,needs_followup,0.8308024980864606
P22pZb2,100,21.9,29.6,3,0.02,0.446,needs_followup,0.830414920034176
ST26H34,100,19.2,24.4,4,0.02,0.078,needs_followup,0.8300817340707323
gb00867,86,19.6,26.1,29,0.95,0.149,needs_followup,0.829923342606463
P22pKZz,97,21.7,21.7,4,0.04,0.268,needs_followup,0.8280143315335786
6J71B21,98,20.2,25.8,10,0.18,0.08,needs_followup,0.8277945578874912
C1FP6F5,100,22.4,22.9,7,0.08,0.324,needs_followup,0.8272151717860595
CERVLV2,97,21.5,22.7,10,0.11,0.155,needs_followup,0.8268255745371197
gb00861,98,20.0,30.3,17,0.3,0.255,needs_followup,0.8268025475192107
P12pEIM,98,21.1,27.6,5,0.09,0.264,needs_followup,0.826709844429965
ST26H14,100,18.9,26.3,4,0.01,0.102,needs_followup,0.8262376337769286
ST26G84,100,18.7,26.4,4,0.03,0.087,needs_followup,0.8262120086032723
ST26G48,100,19.4,25.5,4,0.01,0.457,needs_followup,0.8252589513739552
ST26H49,98,20.0,24.8,9,0.81,0.011,needs_followup,0.8246969083796077
P22qvxq,98,20.5,25.1,6,0.13,0.028,needs_followup,0.8245820409921406
P12oAZ5,100,20.7,24.2,4,0.04,0.281,needs_followup,0.8243808030471651
P22p4wu,100,21.9,24.6,10,0.09,0.347,needs_followup,0.8235839642483109
CER2332,98,20.2,25.1,16,0.21,0.059,needs_followup,0.8232275830728397
P22ooOY,100,21.2,23.8,5,0.08,0.288,needs_followup,0.8220511205030447
A11GjiN,98,19.0,27.8,8,0.38,0.053,needs_followup,0.8210409766296746
CERRAC2,98,20.4,23.5,9,0.11,0.075,needs_followup,0.8209480666317167
P22oLCK,100,17.9,23.7,7,0.06,0.319,needs_followup,0.8202175959083536
P12qpQP,100,21.6,24.1,4,0.04,0.39,needs_followup,0.819668414659712
6HJ1A21,100,20.1,26.3,6,0.08,0.036,needs_followup,0.8195416016016996
P22p4vP,100,21.2,21.9,5,0.11,0.38,needs_followup,0.8181536553728654
gb00854,98,18.6,24.8,16,0.1,0.018,needs_followup,0.8176932502737888
XAambXA,97,21.7,21.3,6,0.48,0.25,needs_followup,0.8167264853451229
6J11D21,98,18.4,24.7,6,0.2,0.014,needs_followup,0.816564245463376
P12oSL5,100,20.4,22.4,3,0.02,0.365,needs_followup,0.8165372018135891
P12payU,97,21.8,21.5,3,0.03,0.255,needs_followup,0.8156439765734564
Sar2910,98,19.9,29.1,20,0.25,0.374,needs_followup,0.8155568013078179
6HE2A22,100,18.8,20.7,6,0.15,0.458,needs_followup,0.8150063697933799
ST26H88,100,18.8,25.9,6,0.08,0.363,needs_followup,0.8149307409686253
CEQQ2A2,100,19.7,22.2,8,0.04,0.235,needs_followup,0.8147372793330511
P12orbb,99,21.7,22.1,5,0.15,0.259,needs_followup,0.8146180896080436
ST26H11,98,18.3,27.1,8,0.13,0.276,needs_followup,0.8144669470976625
CETMGP2,98,20.0,26.7,11,0.36,0.087,needs_followup,0.8143464505167349
S001621,100,20.6,21.7,8,1.89,0.831,tracked,0.8140816531365175
P22pOY9,100,21.2,26.1,3,0.02,0.395,needs_followup,0.8132033574136849
A11GMT0,100,18.4,22.3,4,0.04,0.244,needs_followup,0.8130436281468325
A11EQfd,100,19.0,26.0,4,0.04,0.338,needs_followup,0.8129209530349052
A11GrOw,96,18.0,27.7,21,0.32,0.211,needs_followup,0.8128773078955703
6J31C21,98,19.9,29.5,13,0.12,0.114,needs_followup,0.8125318177930956
CER1502,100,19.2,28.4,7,0.04,0.031,needs_followup,0.809801918064298
P22pL3V,100,20.1,23.9,2,0.01,0.152,needs_followup,0.8097427398131712
P22pZ6b,100,20.7,24.5,3,0.02,0.114,needs_followup,0.8096031221974972
C1FQHV5,100,21.6,27.0,3,0.01,0.436,needs_followup,0.8093217166912744
P22pBkx,100,21.2,21.4,3,0.02,0.323,needs_followup,0.8087926763265154
P12o4vT,96,20.2,20.2,14,0.56,0.024,needs_followup,0.808523779531961
gb00865,96,19.8,28.9,30,0.37,0.244,needs_followup,0.8065274210113528
ZTF10Fe,100,18.5,21.9,4,0.04,0.496,needs_followup,0.8064010276925068
6H84921,98,19.4,26.2,9,0.1,0.045,needs_followup,0.8060685720473738
P12qpYp,100,20.4,22.3,4,0.03,0.338,needs_followup,0.8053898345874387
ST26H77,100,19.5,24.4,4,0.02,0.336,needs_followup,0.8050022495628787
A11Flg1,100,17.9,24.1,4,0.02,1.387,needs_followup,0.8043046336629422
P12pErA,100,21.3,21.9,4,0.04,0.29,needs_followup,0.8034756967245449
SO000AX,98,18.5,28.1,26,0.15,0.034,needs_followup,0.8032949104276436
P12oZkF,100,21.0,23.0,6,0.11,0.205,needs_followup,0.8024931909569045
6H33A21,100,18.4,21.9,9,0.08,0.115,needs_followup,0.8022548164247703
P12pfyV,100,20.9,22.6,3,0.03,0.341,needs_followup,0.8014583870248585
P12oAYO,100,20.1,23.6,4,0.04,0.194,needs_followup,0.8003212567936272
P22p4xR,97,22.4,26.6,6,0.12,0.242,needs_followup,0.8001304696464802
A11FpMX,100,18.6,25.5,7,0.15,0.238,needs_followup,0.8000356566590003
P22pZ6a,100,21.6,22.3,3,0.02,0.118,needs_followup,0.7994641413102356
gb00869,100,19.8,26.4,16,0.08,0.013,needs_followup,0.7991307667886156
P22orSD,98,21.7,22.2,5,0.11,0.861,needs_followup,0.7989711354744274
P22pROE,100,20.7,22.6,3,0.03,0.252,needs_followup,0.7985368898042344
6HF2521,98,19.9,22.5,6,0.08,0.051,needs_followup,0.7981413600452315
ST26H65,100,19.4,24.9,6,0.17,0.288,needs_followup,0.7981135460643761
P22pwrN,100,21.4,21.3,3,0.02,0.075,needs_followup,0.7968653223095503
P12oT8U,100,20.8,25.3,3,0.04,0.538,needs_followup,0.7961619652767097
6HL3B21,100,19.3,23.7,10,0.1,0.483,needs_followup,0.7956203087906334
gb00863,98,18.2,25.2,29,0.33,0.067,needs_followup,0.7954078337797174
gb00862,98,19.9,27.2,16,0.25,0.201,needs_followup,0.7949704375967035
A11Evap,100,19.4,21.8,10,0.95,0.08,needs_followup,0.7949333980524684
P12pBeL,100,21.1,21.1,3,0.03,0.525,needs_followup,0.7944856785369774
P12pKW1,100,20.4,26.1,3,0.04,0.44,needs_followup,0.7933019504229876
C46K5Z1,100,18.0,25.8,11,0.08,0.103,needs_followup,0.7914363860118124
6J12821,100,19.1,21.4,9,0.1,0.217,needs_followup,0.7900011473279069
P22oTaK,98,22.0,23.6,3,0.03,0.539,needs_followup,0.7897249419941762
P22pZb1,98,21.9,28.2,5,0.1,0.362,needs_followup,0.7896388458747376
CETWQ12,98,20.9,20.4,12,0.09,0.034,needs_followup,0.7896180819582452
Sar2905,100,19.6,25.8,19,0.33,0.081,needs_followup,0.7894022551784713
CERUXQ2,98,20.7,27.9,13,0.1,0.103,needs_followup,0.7893779037253974
P22qfMQ,100,20.6,24.6,3,0.04,0.43,needs_followup,0.7887184347126448
ST26H58,100,19.3,22.0,4,0.01,0.842,needs_followup,0.7881487656118618
Sar2920,86,19.3,27.5,33,0.83,0.077,needs_followup,0.7880706602695754
Sar2914,96,20.4,26.9,20,0.34,0.266,needs_followup,0.7868028511621664
A11GnTh,98,19.4,25.3,11,0.2,0.055,needs_followup,0.7864627546604789
P12payP,100,21.2,23.7,3,0.03,0.271,needs_followup,0.7863068823846339
P12qpQQ,100,20.9,23.3,3,0.03,0.392,needs_followup,0.7851418899821664
ZTF10GN,100,19.4,27.3,5,0.06,1.05,needs_followup,0.784943556138372
ST26G96,100,18.9,25.7,6,0.05,0.052,needs_followup,0.7847619228603897
C46M5P1,98,18.0,26.2,10,0.09,0.065,needs_followup,0.7847043931950854
P22pRg9,100,20.5,22.5,3,0.03,0.047,needs_followup,0.7845998228946416
C46KMZ1,100,17.6,30.8,11,0.04,0.118,needs_followup,0.7839644858090111
Sar2901,100,20.7,26.0,2,0.0,0.946,needs_followup,0.7833060841422074
P22qvxr,97,20.7,21.2,7,0.11,0.053,needs_followup,0.7830907187576949
P22pkWL,100,20.8,23.4,3,0.01,0.466,needs_followup,0.7829739793896134
P22pWJy,98,18.7,30.0,5,0.12,0.279,needs_followup,0.7826493694113612
P22pZ20,100,21.2,22.1,3,0.07,0.288,needs_followup,0.7821194239323099
CEQHXE2,89,20.4,22.0,36,0.98,0.453,needs_followup,0.7817496979513028
gb00858,100,18.4,27.9,9,0.03,0.039,needs_followup,0.7815764642174994
ST26G69,100,18.8,23.5,5,0.04,0.352,needs_followup,0.7811074807116851
C1FR9R5,100,20.8,25.3,4,0.01,0.411,needs_followup,0.7810962187411812
ST26G82,100,19.3,24.5,4,0.02,0.098,needs_followup,0.7805632443716719
MZ26289,100,18.8,22.8,3,0.01,1.03,needs_followup,0.7797434107070643
P22pB5T,99,21.6,23.1,4,0.04,0.376,needs_followup,0.7797030162001304
6HL3721,100,19.1,25.3,14,0.13,0.537,needs_followup,0.7786034227206815
A11FpMW,100,19.5,25.5,4,0.02,0.378,needs_followup,0.776304518232998
C1GA2Q5,100,21.3,24.4,4,0.02,0.037,needs_followup,0.77538459716451
P12qpRh,100,21.7,25.1,3,0.03,0.399,needs_followup,0.7750747171922255
6J24B21,95,20.1,21.3,10,0.19,0.069,needs_followup,0.773193000682026
P22pwAZ,100,21.2,24.4,3,0.02,0.388,needs_followup,0.7728513931729021
CET8H12,100,19.6,27.9,12,0.07,0.173,needs_followup,0.7721751042200792
C46JLU1,98,18.4,26.7,17,0.17,0.042,needs_followup,0.7719074411789928
ST26G94,100,18.8,24.2,4,0.02,0.385,needs_followup,0.771189367481552
gb00859,98,19.1,28.0,17,0.11,0.02,needs_followup,0.7706600241943222
gb00852,98,19.0,26.7,22,0.22,0.043,needs_followup,0.7705608917704371
A11EUSX,100,17.1,28.8,4,0.04,0.859,needs_followup,0.7700485841247826
P12pEuR,100,20.0,23.7,4,0.03,0.083,needs_followup,0.7699089583391571
P12pZ7Y,100,21.1,22.4,3,0.02,0.105,needs_followup,0.7695877088842389
ZTF10GG,100,18.9,26.9,4,0.03,0.548,needs_followup,0.7685464266091185
A11EDnp,98,19.3,25.7,13,0.31,0.048,needs_followup,0.7678174550070515
orA5338,100,21.2,24.2,3,0.02,0.396,needs_followup,0.7670265587718152
P12q6iW,100,20.9,21.8,4,0.04,1.055,needs_followup,0.7662596267736489
Sar2900,100,20.7,20.8,17,0.18,0.127,needs_followup,0.7656348617792809
CERUXF2,100,19.9,23.7,16,0.07,0.136,needs_followup,0.7650361797050492
A11H0cI,98,19.3,28.1,8,0.21,0.167,needs_followup,0.7632433399698445
gb00868,98,19.6,27.0,17,0.1,0.007,needs_followup,0.7619590177566044
C1FZHE5,100,22.1,23.3,4,0.02,0.268,needs_followup,0.7614688526840715
CERUX02,98,19.5,27.0,16,0.16,0.065,needs_followup,0.758075668390823
P12patX,100,19.8,24.4,3,0.02,0.325,needs_followup,0.7576332871948536
ST26H87,100,19.3,23.2,4,0.02,0.312,needs_followup,0.7563108134911174
P22pRjR,100,21.3,24.8,5,0.15,0.288,needs_followup,0.7546721409869706
P22ppYF,100,20.0,23.0,3,0.03,0.317,needs_followup,0.754567694858761
P12ooOy,100,22.3,21.7,4,0.04,0.444,needs_followup,0.7541017261987918
P12qto7,100,20.6,21.4,3,0.04,0.387,needs_followup,0.7538579478722532
A11GXkG,98,17.8,26.5,38,0.39,0.018,needs_followup,0.7537545124227942
CETV782,100,21.6,24.0,4,0.02,0.035,needs_followup,0.7528772071081542
MC1J901,100,18.9,25.9,3,0.01,0.213,needs_followup,0.752356081142211
8NFE001,96,19.1,26.8,27,0.45,0.184,needs_followup,0.7521732497582345
C1GCQ75,100,22.3,21.4,3,0.01,0.298,needs_followup,0.752039863336605
C46LNG1,98,18.0,25.5,18,0.12,0.009,needs_followup,0.7517823467076545
gb00871,84,18.4,26.2,83,0.97,0.038,needs_followup,0.7507524659677336
P22pL3X,100,21.9,22.8,10,4.73,0.566,tracked,0.7501907289699011
A11Fiq3,100,17.8,25.9,8,0.08,0.315,needs_followup,0.7490333863557035
ZTF10FQ,100,18.6,27.2,4,0.01,0.487,needs_followup,0.7458752987824704
A11H0cZ,100,17.6,25.0,6,0.13,0.105,needs_followup,0.7455228356491462
P12qt5L,100,21.6,24.4,3,0.03,0.334,needs_followup,0.7446643455353374
P12oZGu,100,20.9,26.1,3,0.01,0.162,needs_followup,0.7437796672361183
P22pROC,100,19.8,25.4,4,0.04,0.239,needs_followup,0.7428205616880049
ZTF10FR,100,18.3,22.5,8,0.58,0.254,needs_followup,0.7420900451816453
P12pEue,100,21.3,23.2,3,0.02,1.098,needs_followup,0.7405534631780003
A11Edxc,100,18.7,24.5,4,0.02,0.396,needs_followup,0.7390274647049624
6HI2621,100,19.7,24.2,13,0.27,0.179,needs_followup,0.7387457908299863
P22qkH5,100,21.1,25.2,3,0.02,0.32,needs_followup,0.7377141893753464
A11G8Bu,98,17.1,25.8,31,0.44,0.014,needs_followup,0.7360161381524092
P12pWOv,100,20.3,23.4,4,0.08,0.285,needs_followup,0.7356532462052421
P12qkHX,100,19.9,22.2,3,0.03,0.244,needs_followup,0.735393310294033
P22pZo5,100,21.3,20.3,6,0.08,0.346,needs_followup,0.7351189838902834
A11Eq8v,100,18.5,25.4,10,2.05,0.989,tracked,0.7341142769188549
P12ooOz,100,21.3,21.9,5,0.09,0.384,needs_followup,0.7331843064581388
C46HWC1,98,19.9,26.2,11,0.08,0.351,needs_followup,0.7322626942916132
6H41B21,100,18.0,25.9,8,0.09,0.09,needs_followup,0.7321568997122958
6HE2A21,100,18.9,21.7,3,0.01,0.096,needs_followup,0.731627968432045
A11FZ3U,100,18.9,22.1,10,0.51,0.273,needs_followup,0.7313773862017559
ST26H62,100,18.1,21.8,4,0.02,0.388,needs_followup,0.7307961316920134
8N9E001,100,18.7,23.6,3,0.01,0.395,needs_followup,0.7304642471355528
P22pRNl,100,20.5,23.9,4,0.07,0.268,needs_followup,0.7303310059560894
P12os34,96,22.0,24.3,5,0.09,0.831,needs_followup,0.7297618563034599
A11EXKc,98,17.8,25.9,18,0.32,0.077,needs_followup,0.729421871233947
P12orbt,100,20.0,23.0,6,0.11,0.263,needs_followup,0.7293602162823862
A11Evr9,100,18.4,23.3,7,0.03,0.887,needs_followup,0.7290004679379515
P12pRIj,82,21.7,20.6,5,0.12,0.278,needs_followup,0.7285267333822772
P12o4wi,100,20.9,21.8,3,0.03,0.414,needs_followup,0.726746205588333
MZ26700,100,19.1,24.8,3,0.01,0.63,needs_followup,0.726462525034379
orA5256,100,20.9,23.0,3,0.02,0.373,needs_followup,0.7242247002652884
C46HW61,100,19.9,24.4,4,0.01,0.028,needs_followup,0.7240326724291033
CETUVL2,100,20.5,22.9,4,0.02,0.056,needs_followup,0.723215892695376
P12pZb6,100,21.7,22.0,5,0.14,0.327,needs_followup,0.7226664635480905
AFS700,92,21.9,20.9,6,0.19,0.392,needs_followup,0.7225805224072549
P12pBgx,100,21.1,21.7,3,0.03,0.396,needs_followup,0.7205368029602638
A11FfIf,100,17.8,28.9,4,0.02,0.181,needs_followup,0.720064502280808
P22papG,100,20.8,21.0,3,0.03,0.386,needs_followup,0.7197728467224174
MZ26372,100,19.2,22.0,4,0.01,0.495,needs_followup,0.7193625366863275
6J93321,100,18.9,23.5,12,0.14,0.277,needs_followup,0.7191100978217908
SE000AI,98,18.6,28.5,6,0.33,0.107,needs_followup,0.7188028416236403
C1FYW35,100,22.5,25.7,4,0.02,0.319,needs_followup,0.7187577610407369
CETUEX2,100,21.3,25.3,4,0.02,0.06,needs_followup,0.7184147676013786
ZTF10Ft,81,18.0,25.4,20,2.82,0.336,tracked,0.7181132294569331
SK000Zy,100,18.2,26.7,3,0.0,0.489,needs_followup,0.7107100355139546
SE00072,100,21.0,30.4,10,0.11,0.646,needs_followup,0.7103732498971508
C46K3U1,100,18.3,20.1,8,0.03,0.197,needs_followup,0.7099928924722478
A11GMT3,98,17.4,27.0,9,0.24,0.062,needs_followup,0.7091101377281207
A11EXKa,100,18.1,25.4,15,0.19,0.243,needs_followup,0.7089636156489464
A11FgaP,100,18.5,22.1,7,0.6,0.299,needs_followup,0.7076423121239923
P22q6aC,100,21.5,24.6,5,0.1,1.037,needs_followup,0.7071591358011391
6JE3F21,100,20.0,21.9,9,0.08,0.111,needs_followup,0.7071380317820161
P22q6nE,93,20.3,20.5,31,0.84,0.184,needs_followup,0.7042312082944896
A11EXtx,100,18.7,22.6,4,0.02,0.403,needs_followup,0.7041738709073525
6JD1C21,100,20.1,23.8,9,0.98,0.279,needs_followup,0.7037739246828613
CETYE82,86,15.4,30.6,20,0.51,0.046,needs_followup,0.7028589688748258
A11GXkI,100,18.0,23.6,4,0.02,0.361,needs_followup,0.701203891245938
P12oZGt,100,21.0,20.7,4,0.02,0.162,needs_followup,0.7008209418665713
A11GrOE,98,18.4,27.1,8,0.38,0.127,needs_followup,0.697307153684916
A11H8uu,98,19.5,23.8,9,0.18,0.016,needs_followup,0.6972432620289667
P22qfJD,96,21.2,21.4,4,0.03,0.069,needs_followup,0.6924408671413119
P12qfu9,100,20.0,22.2,3,0.04,0.302,needs_followup,0.6916313806829866
CEQCZT2,100,21.0,20.7,33,5.97,1.326,tracked,0.6897043155938659
P12p4HH,91,21.5,21.4,11,14.08,0.154,tracked,0.6889715845191966
A11EYwE,98,18.6,26.8,7,0.14,0.299,needs_followup,0.6876824082136203
P12oW4l,100,19.1,24.1,3,0.01,0.174,needs_followup,0.6849876617965918
C46L9M1,100,18.1,24.4,11,0.06,0.342,needs_followup,0.6845843707255959
A11FwDx,98,18.0,23.7,7,0.23,0.052,needs_followup,0.6843928956727132
A11GnPa,100,19.3,24.1,6,0.02,0.979,needs_followup,0.6834226399327809
CERPED2,99,20.7,22.5,4,0.02,0.027,needs_followup,0.6818451401483989
P22orYG,100,21.4,25.8,11,0.68,0.23,needs_followup,0.6811601422541912
C1FXC75,100,21.9,24.5,12,0.12,0.27,needs_followup,0.6809585159425872
P12pBgv,100,19.4,21.2,4,0.03,0.393,needs_followup,0.6808651871967736
ZTF10GC,100,19.2,25.4,4,0.02,1.097,needs_followup,0.6801429029457795
P22q64z,100,21.9,21.9,3,0.02,0.294,needs_followup,0.6794065750825671
A11Fiqe,100,18.1,25.4,4,0.01,0.314,needs_followup,0.6790936179923629
P12pEJ7,100,21.0,21.7,5,0.1,0.265,needs_followup,0.6779161487119213
OP50643,96,21.7,22.2,12,14.84,0.424,tracked,0.6775072308855629
TF26H50,100,20.1,25.6,2,0.0,0.405,needs_followup,0.6773307978692806
P22pOYa,98,21.3,25.1,3,0.02,0.391,needs_followup,0.6750426024225654
CEU0M62,100,21.8,21.3,12,0.08,0.395,needs_followup,0.6749879858225465
A11FAuG,100,19.2,22.1,4,0.03,0.284,needs_followup,0.6731537763348674
SO000CU,100,17.4,26.8,4,0.0,0.312,needs_followup,0.6704809179781996
ST26G59,100,18.4,20.7,2,0.0,0.43,needs_followup,0.6693118003856353
A11H5r9,100,19.4,23.4,6,0.02,0.32,needs_followup,0.6685969524932882
A11Fiqf,100,17.4,22.0,8,0.1,0.212,needs_followup,0.6666394362647406
P22pRQ9,89,20.2,21.2,7,0.04,0.243,needs_followup,0.6662532672026289
P12q6aM,100,21.6,23.5,7,0.53,0.605,needs_followup,0.6633787199013419
P12pB65,100,19.8,21.8,3,0.02,0.237,needs_followup,0.6625805888256524
CEU0J42,100,20.7,19.3,11,0.08,0.394,needs_followup,0.6583748115222402
P22q67Q,100,21.7,24.7,10,0.86,0.336,needs_followup,0.6571519923586863
P12qbyB,100,19.5,23.5,2,0.02,0.373,needs_followup,0.6571107265806242
W2nCdO,79,23.7,26.6,14,19.01,1.535,tracked,0.6568407323610892
P12oASb,100,20.3,21.1,4,0.04,0.391,needs_followup,0.6557880338365492
P22papg,100,20.1,21.0,3,0.03,0.434,needs_followup,0.6538552733835112
CERXY22,100,21.6,23.3,8,0.06,0.09,needs_followup,0.6485805830250407
CEQZ4U2,98,19.3,19.5,8,0.05,0.079,needs_followup,0.6477999554451819
A11H4g1,100,18.4,24.3,4,0.02,1.247,needs_followup,0.6437794384006581
P12o4wh,100,21.5,24.7,4,0.04,0.418,needs_followup,0.6433313215532679
LSr0027,100,19.1,26.9,2,0.0,0.978,needs_followup,0.6423794662999706
C1G7J25,88,21.9,23.6,7,0.09,0.052,needs_followup,0.6418356876167441
C1FNDE5,99,21.3,22.9,12,0.11,0.316,needs_followup,0.6415147175294283
C46HWH1,98,18.0,26.6,12,0.18,0.249,needs_followup,0.6414740001584489
C1GA5M5,99,21.9,23.8,3,0.02,0.388,needs_followup,0.6396827353950434
oRc0136,95,22.2,22.0,13,0.23,1.523,needs_followup,0.6392556266557021
P12pZsW,95,22.3,21.2,6,0.13,0.278,needs_followup,0.63862803486637
KUQN1KR,91,22.3,22.0,3,0.09,0.772,needs_followup,0.6361123396654915
P12orpW,100,20.8,20.7,3,0.06,0.246,needs_followup,0.6347976584693327
CETV5C2,100,21.6,20.9,3,0.01,0.036,needs_followup,0.6341883907679767
ST26H05,100,18.5,20.1,4,0.03,0.397,needs_followup,0.6338158360457012
W023186,98,21.1,26.7,7,0.65,0.226,needs_followup,0.6306169559505521
P22oVNL,100,21.9,21.8,6,0.1,0.356,needs_followup,0.6280270620920132
A11GKav,100,17.1,21.0,4,0.02,0.398,needs_followup,0.6270845913238735
C1FWHY5,96,22.6,25.3,4,0.02,0.427,needs_followup,0.6252931796904309
ST26H93,100,18.6,20.2,4,0.17,0.229,needs_followup,0.6226274005224258
6H84F21,100,18.9,19.5,9,0.11,0.408,needs_followup,0.6205577422638968
CETV772,99,21.7,20.9,4,0.02,0.035,needs_followup,0.6196411372476822
MZ26371,100,19.2,20.7,4,0.01,0.525,needs_followup,0.6190111762386469
MRjH966,100,22.3,23.6,6,5.07,1.054,tracked,0.6186249631360239
A11GkXC,100,15.9,26.3,4,0.03,0.359,needs_followup,0.6168504286231641
P12oO5C,95,21.4,22.4,6,0.17,0.259,needs_followup,0.6154026324389837
P22ppXW,100,19.9,21.9,3,0.02,0.379,needs_followup,0.614769184158881
CET8LV2,100,20.6,21.8,7,8.95,0.226,tracked,0.612210964528287
A11GMLc,100,19.0,25.9,6,0.13,0.099,needs_followup,0.6095182239340506
P12oAin,97,22.0,22.1,3,0.04,0.302,needs_followup,0.6087736402964311
CEQQZ32,100,20.1,24.4,8,0.04,0.232,needs_followup,0.6073729228738662
P12pZnr,100,21.7,24.2,5,0.14,0.329,needs_followup,0.6069401464212548
A11HbH1,100,17.9,24.4,4,0.05,0.53,needs_followup,0.6053384592170483
C1G8TZ5,89,22.8,25.1,4,0.02,0.079,needs_followup,0.5977102002014081
A11Ggjy,100,18.6,26.6,4,0.02,0.333,needs_followup,0.5972808829906522
P12oLCI,100,20.6,23.4,3,0.01,0.393,needs_followup,0.592204404057185
C1FZ5Y5,95,21.3,23.5,4,0.02,0.293,needs_followup,0.5911152537687155
MSoO353,100,22.3,23.6,6,4.06,1.098,tracked,0.5894892599759642
CERZGZ2,96,20.1,20.5,12,0.07,0.041,needs_followup,0.5884054730030804
P22orOr,100,22.2,22.4,3,0.03,1.003,needs_followup,0.5871235218535148
A11FyZe,88,16.3,27.9,17,0.62,0.115,needs_followup,0.5866129450110892
oRe0171,100,22.3,20.9,3,0.07,1.066,needs_followup,0.5846191369180733
gb00860,100,19.3,25.4,3,0.0,0.045,needs_followup,0.5835984557783289
P12oAfU,96,21.5,19.6,7,0.07,0.311,needs_followup,0.5818769876293814
P22pZcc,88,21.8,21.2,6,0.12,0.35,needs_followup,0.5816019351076828
SE0003A,98,19.9,26.6,9,0.25,0.317,needs_followup,0.5776612588535263
P12p4s9,95,21.7,20.9,3,0.02,0.755,needs_followup,0.5741910123037832
oSo0181,98,21.7,26.0,9,0.25,1.605,needs_followup,0.570189901716245
C1FX255,100,22.1,24.4,8,0.12,0.303,needs_followup,0.5699315902624356
P22p4xQ,100,22.4,23.0,5,0.13,0.24,needs_followup,0.5641832929688696
6JC2221,100,19.2,25.6,11,0.16,0.3,needs_followup,0.5631244927889459
P12p4xw,100,20.7,23.4,9,0.07,0.354,needs_followup,0.5575263992320806
C1G1VQ5,95,22.6,26.0,8,0.06,0.016,needs_followup,0.5551467454671934
MP95354,100,21.6,21.6,6,4.1,0.946,tracked,0.5492101073214989
P12qkI9,100,20.8,21.9,3,0.02,0.244,needs_followup,0.5473839091123465
CERWPH2,100,21.9,24.8,7,0.07,0.126,needs_followup,0.5465916322095881
orA4931,100,21.2,17.0,3,0.02,0.262,needs_followup,0.5395014519727231
SO0009K,100,18.4,22.4,3,0.05,0.902,needs_followup,0.5351734704183781
P12owRG,100,20.7,22.1,4,0.02,0.212,needs_followup,0.5268863898254084
CEQVMD2,100,20.3,24.6,8,0.05,0.162,needs_followup,0.5257713146289625
P22oEGk,100,22.3,21.4,4,0.03,0.755,needs_followup,0.5254677701954567
A11GHvi,100,17.8,24.2,5,0.28,0.141,needs_followup,0.5237720455895947
C1G61Z5,88,21.9,23.3,6,0.09,0.087,needs_followup,0.5231877325109627
P22pap8,100,22.0,22.4,4,0.04,1.455,needs_followup,0.5194595228534155
P22oVOw,94,20.6,20.2,6,0.13,0.282,needs_followup,0.5174098803163659
P22pRiF,100,21.4,22.2,3,0.02,0.04,needs_followup,0.5141834329344317
P22oZwt,98,21.8,22.6,5,0.08,0.164,needs_followup,0.5131459577190381
P12pZCA,86,20.7,22.3,4,0.04,0.293,needs_followup,0.5130873597386656
P12pBgw,100,20.8,20.1,3,0.03,0.392,needs_followup,0.5101265503507751
SO000CS,100,15.4,24.1,3,0.0,0.137,needs_followup,0.5100430294771038
P12ptKQ,100,16.2,19.6,8,0.15,0.154,needs_followup,0.5097409776801196
CERD652,87,22.0,21.3,8,0.1,0.035,needs_followup,0.5095006858113011
P12oAfC,100,20.7,22.2,4,0.04,0.399,needs_followup,0.5079297931518929
P22pl07,100,20.6,21.6,4,0.03,0.329,needs_followup,0.5062802737653458
P22pRjQ,100,21.7,24.0,5,0.15,0.29,needs_followup,0.504063566303559
P22pZwK,100,22.1,25.4,6,0.1,0.284,needs_followup,0.5029065498902004
P22pWJB,100,21.4,23.8,7,0.13,0.276,needs_followup,0.5020566833882535
STO1494,100,20.0,21.6,3,0.01,0.688,needs_followup,0.4998283469343084
P12oSL1,100,20.6,20.5,5,0.13,0.388,needs_followup,0.49507408053539254
STO1508,100,20.4,20.6,5,0.02,0.7,needs_followup,0.4930113935470646
P12paCm,100,20.3,20.1,3,0.04,0.196,needs_followup,0.49154871307701703
P22pKXS,100,21.4,21.9,3,0.03,0.381,needs_followup,0.4892424246094139
P22oLHm,100,20.5,20.2,2,0.03,0.252,needs_followup,0.48716014715782147
JJDS879,100,22.3,19.1,3,0.25,1.136,needs_followup,0.48692041890848164
P22pRjP,100,22.0,21.6,5,0.15,0.291,needs_followup,0.48532948366776
C1G0NK5,100,19.7,30.0,11,0.08,0.098,needs_followup,0.4822386906162506
P22pZwL,100,22.3,24.6,6,0.09,0.281,needs_followup,0.4795220362989961
P22pL41,100,22.0,18.4,6,0.13,0.957,needs_followup,0.47590608361960385
CETRCH2,80,21.9,22.5,8,0.1,0.017,needs_followup,0.4746407920045286
CETV4L2,100,21.2,20.5,3,0.01,0.038,needs_followup,0.4721389442611766
P12p4AE,100,21.8,23.8,5,0.16,0.236,needs_followup,0.47190749333928456
P22q6aE,92,22.0,20.8,5,0.11,1.039,needs_followup,0.47083856877930313
P12pwAX,94,21.2,22.1,7,1.19,0.352,tracked,0.4693522761870584
X90289,100,21.3,21.1,3,0.02,0.657,needs_followup,0.45967188780034524
P22pWJA,100,22.0,20.9,5,0.13,0.273,needs_followup,0.4585993998413403
P22ppXD,100,21.1,21.0,5,0.52,0.206,needs_followup,0.45712193300140747
6HM3K21,100,20.0,21.1,3,0.01,0.387,needs_followup,0.4555891757819593
P22p4wv,88,22.4,21.2,5,0.06,0.377,needs_followup,0.45424828843274223
P12oZkE,97,21.9,26.2,5,0.11,0.202,needs_followup,0.452988973903699
A11H5sE,100,16.2,18.2,4,0.04,0.38,needs_followup,0.45142222788641345
P22pRlF,94,21.5,22.5,6,0.15,0.293,needs_followup,0.4485380159975513
STO1498,100,20.4,23.8,5,0.02,0.81,needs_followup,0.4478793320783763
P12pZnp,95,21.7,20.7,6,0.13,0.33,needs_followup,0.4478535773180122
P12payV,95,21.1,20.3,3,0.04,0.254,needs_followup,0.44242230329141924
A11FeGk,100,18.8,25.2,4,0.01,0.36,needs_followup,0.4415678012159112
orA5298,100,20.9,21.1,3,0.02,0.477,needs_followup,0.4376140220635638
CERQW32,100,20.9,19.7,12,0.06,0.296,needs_followup,0.4366195129856547
P22qfOb,97,21.5,19.8,4,0.03,0.367,needs_followup,0.43587773976510624
P12oEGv,100,21.7,21.1,3,0.03,0.747,needs_followup,0.42786811216991816
6JD4321,82,19.8,20.9,21,1.0,0.436,tracked,0.42717713077346703
P12nRYz,100,21.2,20.9,15,2.84,5.346,going_stale,0.4255914236175614
P22oW3t,100,21.4,22.5,5,0.08,0.187,needs_followup,0.42483546348725676
C1G9C75,70,21.7,24.2,4,0.02,0.059,needs_followup,0.4236317005558119
MZ26699,100,18.3,17.5,3,0.01,0.615,needs_followup,0.41903260472198256
P22pKZA,83,21.8,21.4,3,0.04,0.26,needs_followup,0.4189746907152143
P12p4AG,93,21.4,20.9,3,0.02,0.378,needs_followup,0.4173154269698317
P12os33,100,21.1,23.5,5,0.09,0.832,needs_followup,0.41375665627143093
C46K1R1,100,18.4,16.8,85,1.12,0.19,tracked,0.4098213853848693
P12pkXT,100,20.9,24.1,3,0.02,0.384,needs_followup,0.4092349032008352
P12pkRb,100,21.6,22.8,3,0.02,0.193,needs_followup,0.4089928149973564
CERCZM2,100,21.2,26.6,8,0.08,0.057,needs_followup,0.408904726998802
A11GrOF,100,19.7,20.0,4,0.03,0.43,needs_followup,0.408398065530884
C1FVTC5,100,20.7,21.0,7,0.08,0.42,needs_followup,0.4073031735395187
C1FQ9Y5,92,21.6,24.1,8,0.04,0.297,needs_followup,0.4027055353498414
X90044,100,20.4,22.2,3,0.03,0.675,needs_followup,0.3992960160097175
X90000,100,21.0,21.8,3,0.03,3.147,going_stale,0.3991902874207165
P12oImt,100,20.0,19.9,2,0.03,0.382,needs_followup,0.39555685102403376
P12oAZ6,100,22.0,21.9,3,0.02,0.274,needs_followup,0.3923777514891866
P22pZAE,83,22.2,22.5,4,0.05,0.287,needs_followup,0.392022196556667
P22orSE,100,21.5,23.6,6,0.12,0.86,needs_followup,0.3918389243662404
CYT089,100,19.8,20.5,4,0.01,0.815,needs_followup,0.3890900365200903
P12nCdO,98,22.3,26.2,8,0.88,13.451,going_stale,0.388744728213457
6H63821,100,20.3,22.0,6,0.09,0.096,needs_followup,0.3878150301727807
oRc0205,100,22.3,24.2,3,0.16,1.592,needs_followup,0.3875663768462851
P22ooOw,97,22.2,19.4,4,0.04,0.46,needs_followup,0.38631450864310524
A11Hfh5,100,17.6,20.2,4,0.02,0.184,needs_followup,0.384907538129852
A11FsmF,100,17.5,18.7,4,0.04,1.016,needs_followup,0.38194538058968597
TR0000,86,18.3,28.4,29,0.59,0.333,needs_followup,0.38044968902838544
P22paph,100,21.6,21.8,3,0.03,0.478,needs_followup,0.3795574064552017
P22p4pR,100,21.4,23.2,3,0.02,0.215,needs_followup,0.37829175733852344
P22oLCJ,100,19.9,20.7,4,0.04,0.331,needs_followup,0.3776178343506439
P12pL5Z,100,21.3,24.4,4,0.04,1.061,needs_followup,0.3775015193619816
P22pZAB,100,21.9,23.1,4,0.03,0.288,needs_followup,0.3714581101581737
ZTF10GF,100,20.2,27.8,4,0.04,1.037,needs_followup,0.37016087501671163
P12pap5,100,22.0,22.9,3,0.01,1.443,needs_followup,0.3611687266073724
P12p4vO,97,22.1,21.3,5,0.06,0.382,needs_followup,0.3601996558442933
P22pZAD,99,21.7,23.0,4,0.03,0.287,needs_followup,0.3601620695891947
CETZ9C2,95,21.1,21.5,8,0.09,0.432,needs_followup,0.3594776467311756
P22paxH,100,21.0,22.7,3,0.04,0.288,needs_followup,0.35747284587725153
P22oVNN,74,21.7,21.1,7,0.09,0.357,needs_followup,0.35497293256491563
P22pL40,100,21.7,24.0,4,0.03,1.104,needs_followup,0.35367333808371026
A11GP9t,100,18.2,25.2,3,0.03,0.637,needs_followup,0.3513593817023295
P12pWPI,79,21.3,21.1,4,0.08,0.286,needs_followup,0.34979109943887987
C1G4KG5,100,20.4,26.8,8,0.02,0.339,needs_followup,0.34828821775750635
or09023,100,20.5,20.1,3,0.01,0.243,needs_followup,0.3464885115326247
P12pkXl,100,19.7,23.3,3,0.03,0.384,needs_followup,0.3460962633523588
C9TRYZZ,100,22.2,26.9,4,0.02,3.219,going_stale,0.3455678767313004
X89913,100,21.6,20.9,3,0.03,0.985,needs_followup,0.34509342682723265
P22pl3Z,87,21.2,21.0,4,0.03,0.277,needs_followup,0.3439340251710987
A11GrOs,100,19.4,21.4,2,0.06,1.414,needs_followup,0.34285533741292085
PDOB866,99,22.6,21.2,3,0.13,0.862,needs_followup,0.3420283829281502
C1GCU65,100,22.5,22.3,4,0.02,0.292,needs_followup,0.33981869571301676
LSn0045,100,21.7,28.1,2,0.03,1.679,needs_followup,0.3387257664270739
C1FRE35,100,20.6,28.9,4,0.01,0.391,needs_followup,0.3385637795944683
JAN1359,100,20.2,20.2,3,0.01,0.282,needs_followup,0.33856180737423663
P22pKYy,100,21.7,22.4,4,0.03,0.345,needs_followup,0.336231668372379
P22pP3n,100,21.4,24.4,3,0.02,0.398,needs_followup,0.33021637787578567
LSp0106,100,19.3,25.0,2,0.07,1.629,needs_followup,0.3293768945449368
P22oVNM,97,21.2,20.4,5,0.13,0.326,needs_followup,0.3287006568169883
oRh0119,90,22.2,21.9,3,0.27,1.56,needs_followup,0.32670752037147693
W2onRQ,100,19.8,26.5,4,0.0,1.4,needs_followup,0.3262742221711472
P12oZg1,100,21.2,23.3,4,0.04,0.334,needs_followup,0.3262583341860021
P12oEF0,94,21.1,22.3,4,0.03,0.737,needs_followup,0.32599048109405715
P22pL3T,100,21.7,23.3,3,0.02,0.111,needs_followup,0.32447175705987863
SO0009x,100,16.2,12.8,3,0.03,0.869,needs_followup,0.3237976754171712
P12oO5E,75,21.2,25.6,6,0.17,0.261,needs_followup,0.3218552084600385
C1FT295,76,23.1,28.7,4,0.01,0.39,needs_followup,0.32180851106557934
A11EvW0,100,19.6,24.9,4,0.02,2.67,needs_followup,0.321675501525061
STO1517,100,20.9,22.0,3,0.01,0.579,needs_followup,0.3204864850291455
LSo0024,100,19.6,24.4,2,0.25,1.604,needs_followup,0.3194844884081138
C1FW9G5,100,22.7,25.3,4,0.02,0.455,needs_followup,0.3176078698950258
P12oZh2,24,21.9,20.0,14,652.04,0.21,tracked,0.31658462136761023
OQU0195,100,21.2,22.5,3,0.05,0.811,needs_followup,0.31565277014859877
P12pfyW,100,21.5,25.7,3,0.02,0.35,needs_followup,0.31555723436490024
P22p4xS,89,22.5,20.7,6,0.13,0.242,needs_followup,0.3133211990330479
C1FP4X5,100,22.9,25.7,4,0.01,0.393,needs_followup,0.31101472597409835
P12owEN,80,21.5,22.0,8,0.21,0.215,needs_followup,0.30987910741644503
A11Gbbk,100,14.7,19.1,4,0.04,0.452,needs_followup,0.30897006196966403
gb00870,100,19.8,26.1,8,0.04,0.017,needs_followup,0.30736041166052214
oRc0346,100,22.3,22.6,4,0.13,1.621,needs_followup,0.3071254350183722
C1GDDM5,93,21.9,21.1,4,0.02,0.429,needs_followup,0.3056964854690962
orA4767,100,20.9,23.1,3,0.01,0.65,needs_followup,0.30486800204983516
LSp0051,100,19.7,22.4,2,0.13,1.742,needs_followup,0.3042919181895892
P12patZ,86,20.9,20.8,3,0.03,0.329,needs_followup,0.30298773857602307
MQJ9246,85,22.0,20.6,11,6.62,0.345,tracked,0.30129840079869663
P12pkZx,97,20.9,22.2,4,0.03,0.344,needs_followup,0.30101469374887674
P12p4AH,83,21.7,19.7,5,0.15,0.232,needs_followup,0.29983229647939375
RdSH500,91,20.6,19.0,3,0.03,0.747,needs_followup,0.2995405397104272
LRh0057,100,22.6,25.8,3,0.08,8.191,going_stale,0.29914423842676274
P12osch,100,21.3,22.4,3,0.02,0.762,needs_followup,0.2955497451733673
MSkK094,69,21.9,22.5,4,4.08,1.616,tracked,0.29272656094620253
P22pq2q,100,21.2,19.3,3,0.02,0.285,needs_followup,0.2903390576849936
C98FG8Z,100,99.9,34.8,4,0.02,5.071,going_stale,0.28917419099149044
P22qbe3,100,22.1,25.3,3,0.02,1.119,needs_followup,0.2877386909187837
ST26G55,100,19.0,16.2,2,0.0,0.234,needs_followup,0.28700265319104573
ST26H12,100,18.4,21.0,4,0.02,0.354,needs_followup,0.2864457117379067
P12pkX8,78,21.5,21.7,3,0.01,0.427,needs_followup,0.2855262261372001
P22pKZy,100,21.9,17.4,3,0.03,0.261,needs_followup,0.28543120140718636
RFD0345,100,99.9,35.6,2,0.0,1.286,needs_followup,0.28472778261082005
P12p4zK,100,21.1,22.8,3,0.03,0.323,needs_followup,0.28421105551644427
P22ooQq,100,21.1,21.2,4,0.02,0.223,needs_followup,0.2840028540023553
orA5645,100,21.1,21.6,3,0.02,0.436,needs_followup,0.2822833030847245
LSl0095,100,20.7,25.3,2,0.07,1.924,needs_followup,0.28163229534114426
A11GKat,100,18.9,25.6,4,0.01,0.377,needs_followup,0.28133398557664807
P12pZCB,91,20.7,20.2,4,0.04,0.295,needs_followup,0.28101158024976464
C1FW5R5,97,22.1,27.2,4,0.02,0.454,needs_followup,0.2808684931290372
P12p4zJ,100,20.4,21.6,4,0.03,0.318,needs_followup,0.2805527786411646
P12onRm,96,20.9,20.5,5,0.13,1.311,needs_followup,0.28025435009611915
oNj0343,100,21.8,19.1,3,0.07,1.477,needs_followup,0.27945852170298713
LSl0107,100,18.2,22.5,2,0.03,1.931,needs_followup,0.2773838270036706
P12p4s8,96,21.4,24.6,3,0.02,0.738,needs_followup,0.27687992548899565
STO1481,100,20.3,24.4,3,0.01,2.06,needs_followup,0.2768357057984065
MZ26307,100,18.1,18.4,4,0.01,0.513,needs_followup,0.2761982972977914
LSl0071,100,19.6,24.4,2,0.03,2.047,needs_followup,0.27466793846862336
6JA3K21,100,18.0,20.3,3,0.01,0.063,needs_followup,0.2742904004585398
P22oG6X,100,21.7,20.1,3,0.03,0.22,needs_followup,0.2740076151431609
P22nLcH,68,22.2,20.7,11,2.98,8.283,going_stale,0.273937498802504
P12oEEZ,98,21.6,23.2,4,0.03,0.743,needs_followup,0.2736990636817734
A11G7zN,100,14.1,19.1,4,0.02,1.064,needs_followup,0.2715165566084012
P12oZxN,74,22.1,20.9,6,0.1,0.162,needs_followup,0.2688890083531661
LSp0082,100,18.7,24.4,2,0.06,1.765,needs_followup,0.2681948436503581
P12pRCw,86,21.8,21.0,3,0.02,0.457,needs_followup,0.26818693980667513
LSo0067,100,20.5,24.9,2,0.03,1.641,needs_followup,0.26753999923421523
CERK2Q2,100,20.9,24.5,3,0.01,0.074,needs_followup,0.2661937466989843
P12oAio,99,21.6,22.0,4,0.04,0.305,needs_followup,0.26567456398374234
LSo0094,100,18.9,22.1,2,0.07,1.543,needs_followup,0.26504172637021883
P22pfsJ,100,20.7,22.9,3,0.02,0.338,needs_followup,0.26477876525984434
6H74C22,100,20.1,25.6,6,0.13,0.433,needs_followup,0.2643579943945835
P22oO2i,93,21.7,19.6,5,0.1,0.426,needs_followup,0.26222668308068703
P12oG7Q,100,20.4,22.4,4,0.03,0.182,needs_followup,0.25813613259687224
ZTF10FL,100,21.9,23.8,4,0.06,6.937,going_stale,0.2571712095878527
MSnM459,43,22.3,21.2,6,6.05,0.934,tracked,0.25663157302506573
A11FVo2,98,19.2,26.7,5,0.48,0.269,needs_followup,0.2561992429877522
P12qfOn,97,21.4,23.8,3,0.04,0.367,needs_followup,0.25616319071857857
ST26G80,100,19.9,26.5,6,0.05,0.886,needs_followup,0.25577541750538624
CERM0M2,100,21.0,20.6,4,0.02,0.047,needs_followup,0.2542389754268821
TF26G53,100,18.8,17.4,2,0.0,0.094,needs_followup,0.2537132686661183
P22oLCz,100,21.2,22.5,3,0.02,0.089,needs_followup,0.25336342286721475
LA0D3nK,100,24.3,30.5,6,0.15,3.007,going_stale,0.25248825835642325
P12papq,100,20.1,25.0,3,0.01,0.475,needs_followup,0.2519431913244765
CERCZP2,100,20.0,28.7,7,0.08,0.056,needs_followup,0.25029977970238393
6HK2621,98,19.2,23.7,6,0.16,0.03,needs_followup,0.24999549466217239
P22oG6W,100,20.9,21.4,3,0.03,0.219,needs_followup,0.248172641679049
P22pL3Z,81,21.9,20.9,7,0.85,0.307,needs_followup,0.2475918625628309
6HM3721,98,19.0,21.1,9,0.09,0.082,needs_followup,0.24733824252126815
LSp0149,100,19.8,24.5,2,0.03,1.537,needs_followup,0.24699572565670894
P12pEFg,79,21.5,19.5,6,0.08,0.32,needs_followup,0.2464601968009767
P12pfqZ,72,21.2,20.7,7,5.0,0.344,tracked,0.24520218459790677
LA0Cr6m,100,25.4,31.0,5,0.31,4.924,going_stale,0.24474621847264832
CERLQX2,100,20.4,22.5,4,0.02,0.048,needs_followup,0.24435245252159232
P22orV4,45,21.7,20.8,8,0.81,0.138,needs_followup,0.244158324267417
LA0CemH,100,26.3,30.2,5,0.23,3.927,going_stale,0.2439219097233089
P22oVrA,79,20.0,23.1,3,0.03,0.474,needs_followup,0.2436564682761883
P22qfOa,100,21.1,21.4,4,0.03,0.364,needs_followup,0.242130086441361
C1G9VE5,100,21.5,27.6,4,0.02,0.035,needs_followup,0.24172445647529156
LSn0025,100,19.9,25.3,2,0.16,1.693,needs_followup,0.2411516235784074
P12pZnq,93,21.5,20.3,6,0.13,0.332,needs_followup,0.24037014692768366
P12onRT,100,19.9,20.9,10,0.7,0.682,needs_followup,0.23963554535592702
C46K391,100,18.8,31.0,10,0.07,0.17,needs_followup,0.23862935845486494
KVCD1ME,100,21.0,18.7,12,0.05,2.203,needs_followup,0.2380289435918911
ST26G01,98,21.2,27.0,14,0.1,3.609,going_stale,0.23799063533802134
ST26H76,100,19.5,24.5,4,0.02,0.341,needs_followup,0.23786054122203
orA4980,100,20.8,16.4,2,0.01,0.101,needs_followup,0.23683048326691628
orA5468,100,20.9,23.9,3,0.02,0.418,needs_followup,0.2349940468182672
CETY1Q2,91,22.0,19.8,7,0.08,0.506,needs_followup,0.23385588661581921
CETVLR2,100,21.5,19.3,7,0.05,0.369,needs_followup,0.23363564009592905
P12pEFe,100,20.7,23.4,3,0.02,0.374,needs_followup,0.23322869572294014
LSp0005,100,20.5,25.4,2,0.09,1.804,needs_followup,0.23307990329678224
TF26H03,100,17.1,19.4,2,0.0,0.044,needs_followup,0.2324030646228451
C1FQUM5,100,22.0,22.0,4,0.01,0.428,needs_followup,0.23221055865974563
TF26G51,100,18.6,17.2,2,0.0,0.103,needs_followup,0.23141294220725311
ST26G49,98,18.2,28.5,4,0.1,0.348,needs_followup,0.23081819422476996
C46L7D1,98,18.8,30.6,9,0.1,0.414,needs_followup,0.23043450461771864
P12pfyX,100,21.7,25.5,4,0.03,0.338,needs_followup,0.2288002724901723
A11EXt4,100,18.8,25.5,6,0.04,0.882,needs_followup,0.22850293566324364
P12pLdI,99,21.0,20.0,3,0.02,1.054,needs_followup,0.22575725488461923
P22pBlc,98,21.0,22.6,3,0.02,0.278,needs_followup,0.22517421779883104
LSl0029,100,20.4,21.7,2,0.17,2.04,needs_followup,0.22511088053455022
LA0Cq3M,100,24.9,30.0,5,0.21,2.532,needs_followup,0.22401846360750644
ST26H72,100,19.2,25.5,6,0.04,0.423,needs_followup,0.22380703626327877
P12oVVf,93,21.1,20.2,5,0.11,0.229,needs_followup,0.22338775776188316
ZTF10Ez,100,18.2,25.4,4,0.04,0.954,needs_followup,0.2211272839029486
ST26H52,100,19.6,26.8,6,0.06,0.439,needs_followup,0.2207650807248333
LRh0094,100,24.5,25.0,2,0.05,7.996,going_stale,0.21774219231708025
P22oZwv,96,21.8,20.4,10,0.1,0.157,needs_followup,0.2174057806144278
ZTF10G8,100,19.8,23.1,4,0.04,0.989,needs_followup,0.2165332947908508
ZTF10Fd,100,17.3,22.2,6,0.03,0.593,needs_followup,0.2158760197256029
STO1505,100,20.7,23.2,3,0.01,0.718,needs_followup,0.21462101068167563
C46HDW1,100,20.0,27.5,7,0.05,0.056,needs_followup,0.21435175988514713
ST26G39,91,21.0,25.9,21,0.95,0.645,needs_followup,0.212747564363721
P22ooPS,100,21.1,23.2,3,0.02,0.303,needs_followup,0.21186091061174203
P12qkza,100,19.6,24.4,3,0.03,1.012,needs_followup,0.2114262434830634
8N8R001,100,29.5,29.3,3,0.01,5.043,going_stale,0.21142205165347708
CERM0N2,100,21.4,25.8,4,0.02,0.047,needs_followup,0.21043211809185128
XAaiiXA,99,21.4,21.3,3,0.02,0.044,needs_followup,0.21028620652692243
SO000CW,100,19.2,27.6,3,0.05,0.811,needs_followup,0.2088609784815999
P12payW,80,21.9,19.0,3,0.04,0.258,needs_followup,0.20818065406341477
P12qpRi,100,21.2,24.3,3,0.04,0.386,needs_followup,0.20814102495340772
LSk0028,100,21.0,22.3,2,0.08,4.196,going_stale,0.2064180764573361
P22oVrz,100,19.9,23.0,3,0.02,0.493,needs_followup,0.20634470417694095
P22qbpW,95,21.8,19.5,4,0.03,0.148,needs_followup,0.20620338035774133
A11F5VI,86,16.9,26.8,24,0.7,0.186,needs_followup,0.20572983894906027
CERHQU2,100,21.4,25.2,4,0.02,0.088,needs_followup,0.2045687631996781
P12p4IT,100,20.4,24.5,3,0.03,0.187,needs_followup,0.20441143140392135
ZTF10Fw,100,22.9,28.6,5,0.01,1.108,needs_followup,0.20432570445138448
P22qbAu,100,21.6,16.5,3,0.02,0.351,needs_followup,0.20357368084179905
P12pflz,100,22.3,16.9,3,0.02,0.959,needs_followup,0.20351374190477026
C1FP8U5,80,23.7,22.8,4,0.02,0.39,needs_followup,0.20333131192540388
P22ooOt,85,22.2,20.4,5,0.07,0.378,needs_followup,0.20325372229956323
P22papf,95,21.9,20.5,3,0.03,0.436,needs_followup,0.2028103210699426
OCA1666,100,19.8,26.0,3,0.01,0.533,needs_followup,0.20182783724919198
orA5076,100,20.8,22.9,3,0.01,0.558,needs_followup,0.20133816482168237
P12pwxf,99,21.4,20.5,3,0.02,0.509,needs_followup,0.20103045342709477
ST26H31,100,18.5,25.7,4,0.03,0.009,needs_followup,0.19997247370057591
ST26H68,100,19.3,26.1,4,0.01,0.975,needs_followup,0.19945926877115172
6H63K21,100,20.0,27.6,6,0.05,0.371,needs_followup,0.19837916392047322
P12pl4m,93,21.3,22.0,4,0.02,0.182,needs_followup,0.19817975002779364
C97PWMZ,100,21.9,26.3,4,0.02,4.134,going_stale,0.19807299384481739
ZTF10FO,100,19.2,23.8,4,0.03,0.849,needs_followup,0.1975526112889096
C1FXP05,100,21.2,26.7,4,0.02,0.34,needs_followup,0.19674426025726818
P12p4to,100,21.4,23.9,4,0.02,0.675,needs_followup,0.19598630150964205
ZTF10GD,100,17.9,27.4,4,0.03,0.547,needs_followup,0.19524441336393394
C1FRLU5,99,23.3,30.8,4,0.01,0.387,needs_followup,0.19430658062822592
ZTF10FG,100,19.3,27.1,4,0.01,0.389,needs_followup,0.19414399812545485
C1FQZ45,86,22.8,24.9,4,0.01,0.411,needs_followup,0.1941337096974441
ZTF10FF,100,19.7,24.4,4,0.03,0.465,needs_followup,0.19387945525837313
P12oW3R,100,20.3,17.9,4,0.03,0.242,needs_followup,0.19214324652484976
A11FAuF,100,18.2,22.9,4,0.01,0.333,needs_followup,0.19168351291881844
ST26G95,100,18.9,24.9,6,0.06,0.044,needs_followup,0.19150470786644372
CETV9L2,100,21.8,24.9,4,0.02,0.019,needs_followup,0.19009750256817154
STO1514,75,20.8,22.2,3,0.02,0.574,needs_followup,0.18969342715598397
C46HTM1,100,19.1,25.4,3,0.01,0.109,needs_followup,0.18806842908073904
SO000Bx,100,24.7,25.7,10,0.04,1.983,needs_followup,0.1880604810593938
LA0Cq3N,100,28.2,31.8,4,0.14,2.4,needs_followup,0.18785816089722165
P12qkA7,82,21.9,8.4,3,0.04,0.954,needs_followup,0.18740363271687077
P12paCn,100,21.5,20.7,4,0.04,0.204,needs_followup,0.18706405574780174
P12ooQS,74,21.8,20.8,14,23.11,0.233,tracked,0.186971811699457
A11Gf3w,100,18.0,19.4,4,0.02,0.526,needs_followup,0.18596831835144867
8NFG001,100,19.8,26.5,3,0.01,0.522,needs_followup,0.18579368230097093
P22qfOc,84,21.8,22.7,3,0.02,0.381,needs_followup,0.18522317609420122
ZTF10Ev,100,21.2,27.7,4,0.0,0.928,needs_followup,0.18506888624665588
P22qftl,98,21.7,22.1,4,0.03,1.357,needs_followup,0.18506459685892473
ST26H32,100,18.1,25.3,4,0.03,0.502,needs_followup,0.18506042178475207
S06002,100,21.1,23.1,3,0.02,6.484,going_stale,0.18460449484172886
P22pLgJ,100,18.3,27.7,3,0.02,1.0,needs_followup,0.18443035894861912
W2qtoS,100,21.0,29.9,3,0.0,0.44,needs_followup,0.18438310553075135
ST26H27,100,18.8,26.0,2,0.0,0.487,needs_followup,0.1837495016199741
P12oZh1,89,22.2,21.6,5,0.14,0.209,needs_followup,0.1822011537921511
P12paqV,100,20.3,24.9,3,0.02,0.392,needs_followup,0.18203576603062507
TF26H65,100,18.5,25.2,2,0.0,0.281,needs_followup,0.181077672168219
Roc4012,100,18.8,20.6,3,0.0,0.755,needs_followup,0.18043409778983774
ZTF10Fc,100,17.8,20.7,4,0.06,0.353,needs_followup,0.1789919607852653
ST26H78,100,19.3,24.9,4,0.02,0.311,needs_followup,0.17846594408197572
ST26H33,100,19.9,26.3,4,0.04,0.476,needs_followup,0.17789106614444303
SK000aq,94,12.9,13.2,3,0.04,0.55,needs_followup,0.17781287362517875
P12qbq7,71,21.6,22.9,4,0.02,0.106,needs_followup,0.17780039286556076
SO000CX,100,19.4,28.4,5,0.01,0.807,needs_followup,0.1773137845757556
ZTF10FS,100,18.2,26.9,4,0.03,0.504,needs_followup,0.17646764371474546
ABC0185,88,20.0,17.9,3,0.01,0.417,needs_followup,0.17642101364184223
P12pfyU,100,20.4,23.3,3,0.02,0.343,needs_followup,0.17620763519480345
P12oW4k,100,20.9,21.0,4,0.02,0.166,needs_followup,0.17434810121658004
LA0Cr6l,100,28.6,33.3,3,0.15,5.147,going_stale,0.1740851612280038
CERUMF2,100,19.5,25.6,4,0.02,0.124,needs_followup,0.17377372825573023
ST26H92,100,19.2,26.1,4,0.02,0.427,needs_followup,0.17373518910072078
ST26G92,100,19.6,25.5,4,0.01,0.326,needs_followup,0.17368211037618003
P12oAYQ,94,21.5,21.4,4,0.04,0.192,needs_followup,0.17346528032647118
P12o4vO,100,25.1,26.0,3,0.01,2.347,needs_followup,0.17234239594738138
ST26H83,100,19.8,24.8,4,0.03,0.377,needs_followup,0.17196460569264635
P22q6aD,100,21.9,19.3,11,1.9,0.319,tracked,0.17186324351565252
SO000CV,100,18.6,27.9,5,0.01,0.817,needs_followup,0.17096807890909538
A11EXKr,100,19.0,16.2,4,0.02,0.23,needs_followup,0.17003839632380038
ST26H84,98,19.9,27.0,6,0.09,0.305,needs_followup,0.1698924647479872
A11Fnb5,100,18.0,31.0,5,0.07,0.324,needs_followup,0.16901627887981982
P12oVRt,76,21.6,23.7,3,0.02,0.38,needs_followup,0.1689169167239451
P12onSk,87,21.3,20.8,6,1.06,0.259,tracked,0.1680595171082528
LA0Cq3L,100,25.0,31.5,4,0.11,3.524,going_stale,0.16795385884852093
ST26H66,100,18.5,25.1,4,0.02,1.037,needs_followup,0.16746286498017288
ST26G26,100,19.4,26.8,4,0.01,0.492,needs_followup,0.16686553585964928
P12pRQk,100,21.3,20.7,3,0.02,0.238,needs_followup,0.1665059045971854
SE000Cp,100,17.4,23.6,4,0.01,0.98,needs_followup,0.16427871762103957
A11F769,100,18.8,25.8,4,0.05,0.622,needs_followup,0.1634304259184116
SK000ax,93,13.0,12.8,3,0.06,0.53,needs_followup,0.1631625039882756
SK000av,93,12.9,12.6,3,0.06,0.53,needs_followup,0.1631625039882756
ST26G18,100,19.9,25.7,4,0.02,0.628,needs_followup,0.16245282237713224
ZTF10F4,100,17.9,21.4,4,0.04,0.377,needs_followup,0.16205899449477765
ST26H13,100,19.1,25.5,4,0.02,0.347,needs_followup,0.16135886907909558
6H83E21,91,20.2,21.0,3,0.01,0.035,needs_followup,0.16120883507517134
ST26H89,100,25.8,28.5,4,0.01,0.332,needs_followup,0.1608553880170271
ST26G90,100,20.0,24.8,2,0.0,0.028,needs_followup,0.16054962820467206
A11EXKe,100,19.6,22.1,4,0.03,1.239,needs_followup,0.16013199344913767
LA0CeOu,100,25.4,27.5,4,0.16,2.962,needs_followup,0.1597617340781615
ST26H19,100,18.1,25.1,4,0.02,0.37,needs_followup,0.1590719859182649
P12qtoQ,76,21.6,23.3,3,0.03,0.397,needs_followup,0.15812363851719868
MQM9799,60,21.6,19.7,6,6.04,0.876,tracked,0.15714570296309077
P12os9C,90,21.1,20.8,8,0.16,0.7,needs_followup,0.1566964494552548
ZTF10FE,100,18.3,26.8,4,0.02,0.479,needs_followup,0.15660256215080992
ZTF10FD,100,18.5,26.6,4,0.03,0.707,needs_followup,0.1564141794895848
ZTF10F7,100,18.0,26.1,4,0.04,0.44,needs_followup,0.15581316969702397
A11FgaQ,100,17.0,23.4,5,0.02,0.878,needs_followup,0.15512926774725536
ST26G91,100,19.8,25.3,4,0.02,0.313,needs_followup,0.15500403012653227
ST26H57,100,20.5,27.6,4,0.02,0.853,needs_followup,0.1549530257008246
S06001,100,19.9,22.4,3,0.02,2.717,needs_followup,0.15492685627800906
ZTF10Fv,100,19.5,26.7,4,0.03,1.119,needs_followup,0.15442509381768482
P12pBc1,98,21.4,20.2,4,0.02,0.164,needs_followup,0.154332716743287
A11H8uc,100,18.1,15.5,4,0.04,0.547,needs_followup,0.15367329715020422
P12omkc,71,21.0,20.6,7,2.02,0.388,tracked,0.15341948471356626
jdq0079,99,20.7,20.1,3,0.01,0.556,needs_followup,0.15175575744808328
ZTF10Fp,100,16.5,26.7,4,0.03,0.49,needs_followup,0.1515012326525327
ZTF10Fn,100,18.2,24.0,4,0.06,0.944,needs_followup,0.15112898938651018
ZTF10G3,100,34.3,30.7,4,0.0,2.04,needs_followup,0.14902877203348097
P22oVOy,70,21.9,21.3,5,0.13,0.281,needs_followup,0.14861871082244127
P12o0YY,99,21.0,18.4,6,0.08,1.416,needs_followup,0.14858229988593977
P22p4ww,72,20.1,22.2,11,4.84,0.372,tracked,0.14572325043314677
ST26H41,100,19.2,24.8,4,0.02,0.331,needs_followup,0.1455183928593195
P22osbK,100,20.1,13.0,6,0.22,0.567,needs_followup,0.14464781642401237
ZTF10Er,100,17.5,26.6,4,0.04,0.446,needs_followup,0.14463102769714542
ST26H50,100,19.6,24.2,4,0.02,0.792,needs_followup,0.14398032280943757
ZTF10FV,100,18.2,27.4,4,0.01,0.497,needs_followup,0.14320962699837883
ST26G93,100,19.7,26.1,4,0.02,0.365,needs_followup,0.1423799835917172
A11FvJs,97,19.5,19.7,9,0.22,0.142,needs_followup,0.14171798054042847
C1LT2DP,100,21.2,18.1,4,0.02,10.276,going_stale,0.14106747793491972
ZTF10Fo,100,17.4,27.8,4,0.06,0.491,needs_followup,0.1394022168326456
A11Flgg,100,33.8,28.5,4,0.04,0.343,needs_followup,0.13920125881941242
C46LAE1,100,19.7,23.1,3,0.0,0.359,needs_followup,0.13844553247076266
P12p4IX,100,21.1,21.3,4,0.03,0.185,needs_followup,0.13831774926517762
C1GCNJ5,84,21.6,24.1,3,0.01,0.297,needs_followup,0.1382936129989904
P12pRQl,100,20.7,20.3,4,0.03,0.227,needs_followup,0.13792416838858498
XL0918A,100,20.0,24.8,3,0.01,0.646,needs_followup,0.1375886038363628
A11H8ut,100,19.0,14.7,5,0.04,0.196,needs_followup,0.13695369320911363
ZTF10F3,100,19.1,27.6,4,0.01,0.349,needs_followup,0.13616982005591421
A11Gjji,100,19.3,28.9,3,0.01,0.418,needs_followup,0.13604697243365504
ZTF10Fj,100,16.7,26.6,4,0.01,0.471,needs_followup,0.13496714850330796
TF26HC9,100,19.6,24.2,2,0.0,0.549,needs_followup,0.13444835109053324
P12pkQG,100,21.4,19.6,3,0.02,0.191,needs_followup,0.13420246668880081
ZTF10FX,100,17.2,27.3,4,0.02,0.439,needs_followup,0.13302711351767763
ZTF10Ep,100,20.8,26.9,4,0.04,1.446,needs_followup,0.13168058867747653
P22oDk3,87,22.2,19.1,4,0.04,0.242,needs_followup,0.1311204053073832
ZTF10Fr,100,20.5,28.2,4,0.04,1.045,needs_followup,0.13102419226056372
P22pBcy,80,21.5,18.7,4,0.03,0.438,needs_followup,0.1288516650718797
ST26H75,100,20.5,27.5,4,0.02,0.351,needs_followup,0.1288019215746478
A11EQsq,100,21.1,28.3,4,0.02,1.447,needs_followup,0.12657595778629513
ZTF10G9,100,19.1,26.8,4,0.02,1.085,needs_followup,0.1263110939215895
A11FPxB,100,19.1,15.5,4,0.02,0.536,needs_followup,0.1259798157072749
ZTF10Fx,100,19.9,27.9,4,0.02,1.109,needs_followup,0.1255348979922841
A11GkXJ,100,18.0,19.3,4,0.02,0.422,needs_followup,0.1247138880317098
ST26H63,100,21.2,30.3,4,0.02,0.346,needs_followup,0.12466043660905289
ZTF10Fq,100,19.9,23.4,2,0.0,1.129,needs_followup,0.1244895543734471
P12pEuy,78,21.7,21.8,3,0.01,0.166,needs_followup,0.12394136479529305
ZTF10Fm,100,21.4,26.3,4,0.0,1.022,needs_followup,0.12341238977482198
ZTF10GE,100,17.4,27.0,4,0.0,0.516,needs_followup,0.12307051725260423
ST26G17,100,20.0,26.3,2,0.0,0.671,needs_followup,0.1227180050423655
P12pkRc,97,21.8,20.1,3,0.02,0.192,needs_followup,0.12231559687566185
SWAN26Q,61,10.9,10.9,14,26.34,6.718,going_stale,0.12223451444223662
ZTF10El,100,21.8,27.7,4,0.02,2.608,needs_followup,0.1217350301333661
ZTF10F5,100,21.0,27.0,4,0.0,1.501,needs_followup,0.12114411411219209
TR0006,100,17.3,18.5,3,0.01,4.518,going_stale,0.12113157496869016
P12qftA,89,21.3,21.0,3,0.02,0.369,needs_followup,0.12060405836496875
CERV672,100,20.7,19.2,6,0.08,0.03,needs_followup,0.12018180500500089
A11Flg9,100,19.0,17.6,4,0.04,0.434,needs_followup,0.11996005837203742
TF26G47,100,19.8,24.5,2,0.0,0.085,needs_followup,0.11917948332833385
P22nL5u,58,21.7,17.9,9,4.87,7.288,going_stale,0.11910398747436268
ZTF10G2,100,21.3,28.4,4,0.01,2.108,needs_followup,0.11903158799650677
P12pEtW,76,21.0,21.0,3,0.04,0.803,needs_followup,0.11873975905959694
ZTF10Fy,100,20.0,28.1,4,0.02,1.109,needs_followup,0.11852652500493688
P22nJzF,99,21.5,14.0,22,12.0,8.194,going_stale,0.1179897766744612
P22ooQe,10,21.8,18.0,32,689.26,0.28,tracked,0.11798818179802585
ZTF10En,100,27.8,29.8,2,0.0,2.544,needs_followup,0.11643892899614634
Roc4011,100,18.4,21.1,3,0.0,0.763,needs_followup,0.11637995621032432
P12qyGM,100,20.9,16.0,3,0.02,0.261,needs_followup,0.1161642071215267
CETUTE2,94,21.8,19.8,4,0.02,0.057,needs_followup,0.11610321577940777
ABC0149,100,20.6,17.2,3,0.01,2.693,needs_followup,0.11567855329645386
P22p4Jd,100,21.4,21.2,4,0.02,0.156,needs_followup,0.1142476732046839
SK000au,93,12.4,12.1,4,0.06,0.53,needs_followup,0.11347625494170074
SK000aw,86,12.5,-0.6,3,0.06,0.53,needs_followup,0.11307387796205726
P22pfCv,100,21.6,21.9,3,0.03,0.22,needs_followup,0.11269391952942942
TF26G22,100,19.6,25.3,2,0.0,0.655,needs_followup,0.11234794708709249
P12patY,86,21.4,20.3,4,0.03,0.331,needs_followup,0.11195583813854047
P12oVNR,100,22.1,18.0,3,0.04,0.464,needs_followup,0.11177732601732894
OCA1648,99,18.8,17.3,3,0.02,0.754,needs_followup,0.11164769052654276
C1GA4J5,95,21.6,19.6,4,0.02,0.407,needs_followup,0.11083379198336987
MSnM487,76,22.1,20.1,2,0.07,2.941,needs_followup,0.11060340217122731
ST26G65,100,20.2,24.0,2,0.0,0.1,needs_followup,0.11048809997146129
P12pfnV,80,21.9,20.9,4,0.04,0.712,needs_followup,0.11022476201691857
orA4471,100,19.8,20.0,3,0.01,0.933,needs_followup,0.11021072465255602
P12p4sf,75,22.1,19.7,4,0.04,0.744,needs_followup,0.11010730638370474
P22pwwe,73,22.0,19.7,3,0.02,0.428,needs_followup,0.1096898620933064
P22qblY,72,22.0,20.5,4,0.03,1.064,needs_followup,0.10968235964748382
C1M0JJP,100,21.2,14.2,4,0.02,0.36,needs_followup,0.10935720308129711
6JE3K21,100,20.1,20.8,3,0.01,0.078,needs_followup,0.1090696734875577
P12pEvW,100,20.7,19.7,4,0.04,0.437,needs_followup,0.10815057923720953
CETRCG2,89,21.5,20.1,6,0.1,0.012,needs_followup,0.10790722687466646
MAS0015,100,20.6,17.7,3,0.01,0.766,needs_followup,0.10775419496899824
P22pRQ8,94,21.7,19.8,3,0.03,0.25,needs_followup,0.10774449196584496
LA0D3nL,100,21.8,28.4,4,0.15,3.004,going_stale,0.10710073946822443
SK000at,83,12.5,0.4,4,0.06,0.53,needs_followup,0.10704770961113261
SK000c1,97,18.4,18.8,3,0.04,0.652,needs_followup,0.10695887993778806
MAS0012,95,19.9,17.7,6,0.61,0.186,needs_followup,0.10690510228308085
TF26F96,100,18.7,15.6,2,0.0,9.362,going_stale,0.10557553016200293
P12osci,76,21.3,23.2,3,0.02,0.775,needs_followup,0.10536574732604143
CERUX32,92,21.5,20.1,11,0.19,0.029,needs_followup,0.1048549564299688
P12oEGq,88,21.8,22.6,3,0.03,2.198,needs_followup,0.10422549379217386
P22p4wx,67,22.2,18.5,6,0.06,0.375,needs_followup,0.10415679031733042
OMO0297,89,22.1,20.2,8,4.31,4.609,going_stale,0.10412500894895399
C1FQCU5,81,21.0,22.3,3,0.01,0.457,needs_followup,0.10297212533213265
P22oOfK,98,20.3,19.1,4,0.03,0.197,needs_followup,0.10178714232476371
ST26G68,100,17.3,17.0,2,0.0,0.427,needs_followup,0.1008303267643803
P12qfLA,97,21.6,21.2,4,0.04,0.076,needs_followup,0.10074254080586079
OP90566,100,22.0,16.9,3,0.1,0.927,needs_followup,0.10028670228992081
P22pay3,100,20.4,21.0,4,0.03,0.236,needs_followup,0.1001591766602707
MZ26288,100,20.0,16.3,3,0.01,1.08,needs_followup,0.09989288845180357
P12pRQm,100,21.5,19.9,4,0.03,0.224,needs_followup,0.09840722352018855
C1LT29P,88,21.1,18.1,4,0.02,6.108,going_stale,0.09708019396109577
P12qbso,89,21.2,20.0,6,0.09,0.349,needs_followup,0.09640193467942947
P22oG6r,89,21.6,21.0,6,0.07,0.223,needs_followup,0.09575983092395021
X90419,92,19.7,17.6,3,0.02,0.708,needs_followup,0.09451029449326624
P12o4vF,100,21.9,19.4,7,1.01,1.392,tracked,0.0933681237203486
X89863,100,21.0,19.7,3,0.03,1.022,needs_followup,0.09320981049012939
P12oSH3,75,20.3,19.6,3,0.03,0.396,needs_followup,0.09238412572185498
DTDS13b,100,19.4,17.9,3,0.04,3.509,going_stale,0.09000735432737804
ST26G77,100,16.8,14.6,2,0.0,0.998,needs_followup,0.08983789283025735
P22oLCM,71,21.3,19.1,4,0.04,0.33,needs_followup,0.08911407939743309
P12pb3b,100,19.8,12.7,4,0.04,0.193,needs_followup,0.08874273937848674
P12qfOy,88,21.4,18.8,3,0.03,0.289,needs_followup,0.08798462620138574
P22pEKL,85,21.2,19.4,5,0.12,0.26,needs_followup,0.08763075873984176
P12owRO,92,21.3,18.6,4,0.02,0.212,needs_followup,0.08742245208109688
P22oZgZ,64,21.9,19.3,6,0.11,0.199,needs_followup,0.08739314695841907
P12qbyT,99,20.6,20.0,4,0.03,0.365,needs_followup,0.08705697646740741
P12oZmo,74,21.6,19.9,5,0.11,0.207,needs_followup,0.08684976600050918
DTDS13c,99,19.6,17.9,3,0.04,3.509,going_stale,0.08552615324105273
P12qftz,95,20.7,20.6,3,0.02,0.372,needs_followup,0.08522598652663942
P22pKXT,83,22.3,16.3,4,0.03,0.389,needs_followup,0.08482442319324485
TR6352,100,19.5,20.0,3,0.01,0.461,needs_followup,0.08481700814398656
P12qbq6,98,21.1,19.7,3,0.01,0.116,needs_followup,0.0847611650392546
P12pBc8,71,21.5,17.9,3,0.02,0.076,needs_followup,0.08414278200889903
P12pBgz,71,20.4,17.6,3,0.03,0.398,needs_followup,0.08363483719431694
Roc4008,100,17.3,19.7,3,0.0,0.751,needs_followup,0.08317570110643543
CETWGR2,92,21.9,20.1,8,0.06,0.081,needs_followup,0.08292416283929342
P12pBfG,66,21.6,19.5,3,0.02,0.455,needs_followup,0.08252613143740742
P22pZzW,68,22.7,14.5,3,0.04,0.345,needs_followup,0.08198327059321191
STO1507,84,20.4,16.1,3,0.01,3.307,going_stale,0.07997742187892697
TF26G71,100,19.6,15.4,2,0.0,1.005,needs_followup,0.0789756854886622
orA4607,100,20.3,19.6,3,0.01,0.374,needs_followup,0.0789561799470377
P12p4HJ,84,21.2,20.3,3,0.02,0.275,needs_followup,0.07876524457104614
ABC0164,100,20.2,17.1,3,0.01,0.988,needs_followup,0.07864416384515592
P12qfOo,84,21.9,16.3,3,0.04,0.371,needs_followup,0.07802339202055505
P22pfnu,100,21.3,20.8,3,0.02,1.286,needs_followup,0.07729870602531118
P22oY70,89,21.3,18.3,4,0.04,0.418,needs_followup,0.07644579560456687
P12pwxX,70,21.7,17.5,4,0.03,0.448,needs_followup,0.07604040091059021
P12qbdQ,83,21.9,19.2,3,0.04,1.059,needs_followup,0.07410375264125912
P22pL44,73,22.2,20.3,3,0.02,1.107,needs_followup,0.07398208723683322
P22pFdc,92,21.0,19.4,8,25.06,0.216,tracked,0.07346322335719196
ABC0199,98,20.2,20.1,4,0.01,0.866,needs_followup,0.07341497575479965
P22pZzV,71,22.1,15.8,4,0.04,0.347,needs_followup,0.07296233999244658
P22pZoz,67,22.3,15.3,5,0.08,0.344,needs_followup,0.07196271607527385
P22p4I7,98,21.1,18.5,6,0.11,0.151,needs_followup,0.07138491710273102
P22orOo,98,21.2,20.3,14,4.14,0.849,tracked,0.07100344109931411
P12pB5R,82,21.3,19.4,3,0.02,0.351,needs_followup,0.07099634093733488
P22qfOA,95,21.2,17.6,3,0.03,0.247,needs_followup,0.07035040516058391
MAS0006,35,20.3,9.3,64,15.03,0.41,tracked,0.07022554597481956
P12pBgy,73,21.5,20.2,4,0.03,0.394,needs_followup,0.06978152744738264
P12qpYr,92,21.1,17.9,4,0.03,0.33,needs_followup,0.06950367946867624
C1FPQP5,93,21.2,19.1,7,0.09,0.287,needs_followup,0.06939540076063085
XA9yiXA,10,20.0,19.0,46,459.97,0.61,tracked,0.06937283741560536
P22pKZB,78,21.7,19.5,4,0.04,0.259,needs_followup,0.06920549105036877
P12qbqC,95,21.2,20.5,4,0.02,0.077,needs_followup,0.06864308647442198
P22pZAF,81,22.3,16.8,4,0.03,0.287,needs_followup,0.06863168767606863
CEQYJM2,66,20.7,20.4,8,0.08,0.076,needs_followup,0.0683546045878259
RJT002,100,20.2,12.9,3,0.01,1.661,needs_followup,0.06818955925205197
P12pWTl,84,21.1,16.8,3,0.01,0.228,needs_followup,0.06792182860021545
P12pZns,83,22.2,17.8,6,0.13,0.334,needs_followup,0.06630036510887856
CERV332,69,21.8,18.1,9,0.1,0.033,needs_followup,0.06613372062157515
P22oDk4,100,22.0,20.4,3,0.04,0.247,needs_followup,0.0653877546140383
P12oAir,91,22.2,15.8,3,0.04,0.307,needs_followup,0.06521710397536377
P22q6ca,68,21.8,19.7,14,0.9,0.205,needs_followup,0.0650617451060745
P22nTLB,21,22.2,19.6,20,2.87,1.779,tracked,0.06472371936112929
P12qfMi,85,20.9,18.9,6,0.07,0.384,needs_followup,0.06444540362105007
P12oVRq,87,21.8,19.7,7,18.92,0.372,tracked,0.06405230300239118
gb00855,27,20.4,19.2,27,2.73,0.407,tracked,0.06395928051686692
OOn0024,100,21.2,18.5,3,0.07,2.506,needs_followup,0.06370371062124225
P22pkRP,66,21.8,18.6,3,0.02,0.192,needs_followup,0.06352663325026567
CEQXMN2,88,19.9,17.1,8,0.09,0.089,needs_followup,0.06304291047546541
P12o62f,99,20.6,18.1,3,0.02,0.354,needs_followup,0.06279731620505898
P12qbdP,78,21.5,18.9,4,0.04,1.056,needs_followup,0.06275388369555174
A11GrOq,54,18.3,12.2,4,0.01,0.391,needs_followup,0.06207948353443839
P12o4wA,96,21.4,20.1,3,0.03,0.435,needs_followup,0.06203679324210615
P12pKZG,79,21.7,18.4,3,0.03,0.209,needs_followup,0.06113747687681162
P12ooQQ,96,21.3,19.4,3,0.03,0.245,needs_followup,0.061021097186019696
P22oVOx,90,21.4,19.1,6,0.13,0.279,needs_followup,0.06098824909834018
P12qq3M,55,20.6,17.2,8,2.2,0.214,tracked,0.060790139445952324
P12pwAw,65,20.6,17.6,7,0.15,0.328,needs_followup,0.060610496651226246
P22pl08,89,21.3,17.4,4,0.03,0.332,needs_followup,0.05990862878358065
CETXRK2,70,21.2,19.6,8,0.12,0.485,needs_followup,0.059797816028468016
W023248,93,20.9,17.1,3,0.01,1.545,needs_followup,0.05966729480336045
A11EpSe,100,19.3,19.2,10,0.83,1.95,needs_followup,0.05892033501722315
P22qpf5,74,21.1,17.6,3,0.04,2.438,needs_followup,0.05891104466357259
CETVTU2,87,21.5,18.5,7,0.03,0.365,needs_followup,0.058837427831916346
PDO0150,77,20.7,20.3,3,0.02,0.532,needs_followup,0.05817815232269677
00001sS,100,17.9,14.8,3,0.04,1.101,needs_followup,0.05748416962822347
P22nTNT,10,21.0,19.0,24,2.71,1.786,tracked,0.057341951903802944
P12oAiD,73,21.6,18.2,4,0.04,0.304,needs_followup,0.05728704591930617
CETVWY2,79,21.0,16.9,4,0.01,0.348,needs_followup,0.0568284609909118
P12oO5R,76,21.6,20.4,6,0.17,0.26,needs_followup,0.05661136003380331
P22ppY2,75,21.6,17.3,4,0.03,0.368,needs_followup,0.056158208583659885
CETW312,64,21.4,18.3,8,0.1,0.106,needs_followup,0.055539759853711006
P12pl4n,83,21.7,20.1,3,0.01,0.181,needs_followup,0.054876457898349634
P22oZGo,100,20.9,18.9,8,0.04,0.172,needs_followup,0.05483564362025471
P22pRo5,41,21.1,19.9,9,7.1,0.285,tracked,0.05473299766924038
P12owRi,57,21.6,18.5,3,0.03,0.249,needs_followup,0.054698937302552646
STO1510,84,20.6,17.3,6,0.9,0.299,needs_followup,0.05439544757038748
P12oImJ,99,20.9,19.0,4,0.04,0.286,needs_followup,0.05366820320957069
MSoN867,37,21.3,20.2,13,14.48,0.994,tracked,0.05307509644062532
P12qpYB,92,20.3,17.6,4,0.04,0.258,needs_followup,0.05300974210482953
P12pEJ8,79,19.7,16.5,4,0.03,0.334,needs_followup,0.052921751233282036
P12ooSp,78,21.8,19.8,3,0.03,0.252,needs_followup,0.05261508184816115
P12ptHh,72,21.4,18.2,4,0.04,0.284,needs_followup,0.05233925990018216
P12pEtX,72,21.1,18.4,6,21.03,0.794,tracked,0.051860203839045396
P22pfoj,78,21.3,15.6,4,0.04,0.432,needs_followup,0.0516627333113695
P22qpMD,70,20.9,15.5,6,0.14,0.374,needs_followup,0.05165026635458026
P12oDgI,15,21.7,20.4,3,0.02,0.198,needs_followup,0.05159934117326096
P12qfMh,80,21.3,18.8,6,0.07,0.388,needs_followup,0.051367484606590984
orA5724,82,20.2,17.1,2,0.01,0.324,needs_followup,0.05129748160393614
P12o4vl,100,20.7,18.5,7,1.0,1.403,tracked,0.05088998879437575
X89848,77,19.7,15.4,3,0.03,2.04,needs_followup,0.05069356122474587
P22pata,86,21.5,19.3,3,0.02,0.352,needs_followup,0.05050506260737352
P12pwoz,90,20.9,18.1,3,0.02,0.155,needs_followup,0.050370647571522334
A11GrOJ,88,19.7,10.4,4,0.03,0.465,needs_followup,0.0502163574752795
P22oVWa,76,21.6,18.7,6,0.1,0.213,needs_followup,0.05008994550517632
P12onNw,35,20.6,12.1,17,3.16,1.405,tracked,0.04998244010954628
P12orqU,66,21.3,18.7,3,0.06,0.249,needs_followup,0.04946451142190707
RMM2026,35,21.7,18.9,28,26.53,0.306,tracked,0.049283502133852485
X89940,64,20.6,18.2,6,0.28,0.234,needs_followup,0.049202856474309845
P12owGI,10,21.3,20.2,7,0.15,0.254,needs_followup,0.04906538406026671
X90323,63,19.3,14.5,3,0.03,0.918,needs_followup,0.048777979930739485
P12pHOp,72,21.1,16.9,4,0.03,0.209,needs_followup,0.04875166392411117
P22patb,72,21.1,18.2,4,0.03,0.345,needs_followup,0.04855495617915164
Arms083,86,20.6,14.9,12,2.25,0.433,tracked,0.048525910738215806
P12pkRg,78,21.7,18.1,3,0.02,0.191,needs_followup,0.0482443638462861
P12oDgH,10,21.8,18.6,7,2.8,0.19,tracked,0.047969863285336374
P12onSi,79,20.8,18.4,6,0.09,1.228,needs_followup,0.04775798086257216
Arms094,100,21.1,20.5,3,0.01,0.173,needs_followup,0.047525993437620644
6HJ4621,14,18.9,13.4,3,0.01,0.184,needs_followup,0.04746008284281104
C1FVG05,79,21.4,20.0,4,0.02,0.026,needs_followup,0.04739725703523785
MRV8005,69,20.8,20.1,4,6.09,0.593,tracked,0.046716647882504875
P22oZww,69,21.8,19.2,6,0.1,0.159,needs_followup,0.04670235153626249
P22oEGl,59,21.2,17.1,8,28.03,0.731,tracked,0.04633371021595216
P12qbpS,83,21.7,18.3,4,0.04,0.18,needs_followup,0.046191594621801106
P22p4Fq,76,21.6,19.0,5,0.07,0.23,needs_followup,0.046023983412319676
P12p4Jx,82,20.6,15.4,5,0.14,0.156,needs_followup,0.04602015928794906
P12pBl1,84,21.1,19.9,4,0.04,0.29,needs_followup,0.045945406534476166
P12qkJM,100,20.7,19.0,4,0.03,0.205,needs_followup,0.0457895777372779
P22ooQf,10,21.0,18.0,35,764.03,0.3,tracked,0.045510158208302474
CETWJA2,71,21.4,17.2,4,0.02,2.586,needs_followup,0.04538214088838863
P22paxQ,95,21.5,20.5,3,0.04,0.279,needs_followup,0.045031084818215404
P12pwoA,30,20.4,15.6,4,0.02,0.148,needs_followup,0.04491276528897757
P12pwxW,79,21.2,19.2,7,0.15,0.328,needs_followup,0.044842776581994745
P12pEFf,73,21.3,19.5,4,0.03,0.372,needs_followup,0.044701212601592225
A11GnTa,58,18.1,14.3,4,0.04,0.302,needs_followup,0.044631475302444185
P12pkRh,80,21.2,17.2,4,0.02,0.19,needs_followup,0.04455682991927925
CEU06W2,79,21.5,20.2,8,0.07,0.426,needs_followup,0.044508128627931715
P12qbq0,78,21.1,18.7,4,0.03,0.544,needs_followup,0.0444962279445306
P12oAYR,72,21.9,19.0,3,0.02,0.209,needs_followup,0.04406755755750445
E000011,14,15.7,17.5,2,0.0,0.4,needs_followup,0.04401958500131918
P12orqV,78,21.1,18.6,3,0.06,0.249,needs_followup,0.0438762991012875
P22oZfK,100,21.4,18.6,4,0.03,1.214,needs_followup,0.043785181825202295
P12pHLa,100,20.5,16.6,4,0.03,0.215,needs_followup,0.04350586499488934
P12pZCz,91,20.6,19.7,3,0.02,0.29,needs_followup,0.043189865400244956
P12pBjI,65,20.7,19.2,8,26.93,0.348,tracked,0.043133619176741876
P12qfqe,68,21.3,19.0,3,0.04,0.583,needs_followup,0.043116096267168565
P12onSj,100,20.9,18.9,6,0.08,1.23,needs_followup,0.04301971531643733
P22qt6p,73,20.5,17.0,3,0.03,0.449,needs_followup,0.0429801859535658
Sar2919,42,21.2,20.0,20,8.75,0.732,tracked,0.04287153481799809
ST26G54,100,19.8,18.8,2,0.0,0.234,needs_followup,0.042830590724326094
W023171,100,20.8,20.4,6,0.01,3.887,going_stale,0.04240355949625473
P12pwHF,69,19.3,17.0,12,0.23,0.032,needs_followup,0.04208636879328507
P22p4Fp,76,21.6,20.1,6,0.08,0.226,needs_followup,0.04202037244850588
P12oAdd,66,20.7,18.4,3,0.02,0.323,needs_followup,0.041294024204162456
P22ppYR,76,21.0,17.1,4,0.03,0.322,needs_followup,0.04118588305297651
P22oVTG,87,21.4,19.0,5,0.15,0.216,needs_followup,0.04112381077092261
CEU0F12,80,21.5,20.2,7,0.08,0.41,needs_followup,0.04110281661579902
P12o4vm,47,20.6,19.0,14,2.13,1.396,tracked,0.04107667740667137
P12pErF,92,20.2,19.0,8,0.04,0.225,needs_followup,0.04068356245276328
P12pEuv,73,20.5,15.5,3,0.04,0.859,needs_followup,0.03997372195405613
P22pfoi,75,20.3,18.6,4,0.04,0.43,needs_followup,0.03993672965409061
P12owRP,68,21.4,17.9,3,0.02,0.211,needs_followup,0.039170097679594035
P12oAS5,84,21.3,18.1,4,0.04,0.223,needs_followup,0.03905015196032793
P22pL42,34,20.3,18.7,14,32.55,0.429,tracked,0.039000520953049254
P12pwrK,75,20.6,17.1,4,0.03,0.092,needs_followup,0.038791069739851844
P22owBy,73,21.3,17.9,3,0.02,0.803,needs_followup,0.03875944187826276
P12qfMj,73,20.8,15.3,4,0.03,0.429,needs_followup,0.03873189507444946
P22oVTI,79,21.7,19.1,5,0.14,0.219,needs_followup,0.038554665764010024
P22qwo3,71,21.4,18.6,5,0.1,0.314,needs_followup,0.03853614923776086
P22pEMP,83,20.3,18.0,4,0.04,3.298,going_stale,0.03801563889518444
P22pZcd,65,20.9,19.1,5,0.11,0.351,needs_followup,0.03800260902143662
P12oG7V,67,20.7,17.2,3,0.03,0.19,needs_followup,0.03779956363240312
P12pRQn,85,21.2,19.2,4,0.03,0.229,needs_followup,0.03755697529340814
Sar2913,69,19.9,15.9,3,0.07,0.349,needs_followup,0.03738052662245031
P12pZCy,81,20.7,19.7,4,0.04,0.298,needs_followup,0.036781078126090244
P12papj,85,20.4,15.3,4,0.02,0.501,needs_followup,0.03556129049756015
P12pl4l,76,21.4,18.8,4,0.02,0.18,needs_followup,0.035547868051284875
P22oVTH,88,21.1,19.2,4,0.03,0.336,needs_followup,0.0350346476649585
P12oW4o,55,21.5,18.9,11,0.89,0.281,needs_followup,0.03463059824371861
P12oAWX,58,21.0,20.1,5,15.94,0.302,tracked,0.034598155338705514
P12qkHq,57,21.1,18.5,4,0.04,0.293,needs_followup,0.034378281319229986
P22pWRV,70,20.9,18.9,4,0.03,0.216,needs_followup,0.029235146432991528
